COLUMN_NAME,TABLE_NAME,DATA_TYPE,DESCRIPTION
ABCKZ,Wamas.ART,nvarchar,ABC-Wert-Analyse
ABCLIMIT_WERT,Wamas.ART,nvarchar,
ABCWERT,Wamas.ART,float,ABC-Wert
ABCWERT,Wamas.FES,float,ABC-Wert
ABSCHLSTATUS,Wamas.ART,nvarchar,Abschliessen erlauben ab
AID_ARTNR,Wamas.ART,nvarchar,Artikelnummer
AID_AUSPR,Wamas.ART,float,Ausprägung
AID_MAND,Wamas.ART,nvarchar,Mandant
AID_VAR,Wamas.ART,nvarchar,Variante
AKS_ARTKLASSE,Wamas.ART,nvarchar,Artikelklasse
ALTAID_ARTNR,Wamas.ART,nvarchar,Artikelnummer
ALTAID_AUSPR,Wamas.ART,float,Ausprägung
ALTAID_MAND,Wamas.ART,nvarchar,Mandant
ALTAID_VAR,Wamas.ART,nvarchar,Variante
ANBRUCHANZERL,Wamas.ART,nvarchar,Anbruch Anzeigeeinheit erlaubt
ANEWLPSEARCH,Wamas.FES,nvarchar,Erneute LP-Suche
ANZEIGE_EINHEIT,Wamas.ART,nvarchar,Anzeigeeinheit
ARTBEZ,Wamas.ART,nvarchar,Artikelbezeichnung
ARTBEZ2,Wamas.ART,nvarchar,Artikelbezeichnung 2
ARTGRP,Wamas.ART,nvarchar,Artikelgruppe
ARTKOMGRP_ARTKOMGRPID,Wamas.ART,nvarchar,Artikelkommissionierstrategie
ARTKTOKZ,Wamas.ART,nvarchar,Artikelkontoführung
ARTMISCHERL,Wamas.ART,nvarchar,Artikel mischen erlaubt
ARTSTAT_ARTSTATGRP,Wamas.ART,nvarchar,Artikelgruppe Stat.
ARTTYP,Wamas.ART,nvarchar,Artikeltyp
ASCODE_ACODE,Wamas.ART,nvarchar,Abschlusscode
AUS_SCHEMA,Wamas.ART,nvarchar,Auslagerungsschema
AUSK_ABLADESTELLE,Wamas.P_AUSK,nvarchar,Abladestelle
AUSK_ADRS_ADR,Wamas.P_AUSK,nvarchar,Adresse
AUSK_ADRS_ADR2,Wamas.P_AUSK,nvarchar,Adresse 2
AUSK_ADRS_ANREDE,Wamas.P_AUSK,nvarchar,Anrede
AUSK_ADRS_EMAIL,Wamas.P_AUSK,nvarchar,e-mail
AUSK_ADRS_FAX,Wamas.P_AUSK,nvarchar,Faxnummer
AUSK_ADRS_ILN,Wamas.P_AUSK,nvarchar,ILN/GLN
AUSK_ADRS_LAND,Wamas.P_AUSK,nvarchar,Land
AUSK_ADRS_NAME,Wamas.P_AUSK,nvarchar,Name
AUSK_ADRS_NAME2,Wamas.P_AUSK,nvarchar,Name 2
AUSK_ADRS_NAME3,Wamas.P_AUSK,nvarchar,Name 3
AUSK_ADRS_NAME4,Wamas.P_AUSK,nvarchar,Name 4
AUSK_ADRS_ORT,Wamas.P_AUSK,nvarchar,Ort
AUSK_ADRS_ORTTEIL,Wamas.P_AUSK,nvarchar,Ortsteil
AUSK_ADRS_PLZ,Wamas.P_AUSK,nvarchar,Postleitzahl
AUSK_ADRS_TEL,Wamas.P_AUSK,nvarchar,Telefon
AUSK_ADRS_WWW,Wamas.P_AUSK,nvarchar,Homepage
AUSK_ANDRUCKKUNR,Wamas.P_AUSK,nvarchar,Kundennummer
AUSK_ANZPOS,Wamas.P_AUSK,float,Anzahl Positionen
AUSK_ART_AID_ARTNR,Wamas.P_AUSK,nvarchar,
AUSK_ART_AID_AUSPR,Wamas.P_AUSK,float,
AUSK_ART_AID_MAND,Wamas.P_AUSK,nvarchar,
AUSK_ART_AID_VAR,Wamas.P_AUSK,nvarchar,
AUSK_AUSID_AUSNR,Wamas.P_AUSK,nvarchar,Auftragsnummer
AUSK_AUSID_HOSTAUSKZ,Wamas.P_AUSK,nvarchar,Host Ausgangskennzeichen
AUSK_AUSID_MAND,Wamas.P_AUSK,nvarchar,Mandant
AUSK_AUTOTOURKZ,Wamas.P_AUSK,nvarchar,autom. Tour Starten
AUSK_AUTOVERPLKZ,Wamas.P_AUSK,nvarchar,autom. Freigabe
AUSK_AUTYP_TYP,Wamas.P_AUSK,nvarchar,Auftragstyp
AUSK_BATCHKOMPFLKZ,Wamas.P_AUSK,nvarchar,Batch-Kommissionierung Pflicht
AUSK_BEARBZEIT,Wamas.P_AUSK,datetime,Bearbeitungszeit
AUSK_BEREITSTELLTERMIN,Wamas.P_AUSK,datetime,möglicher Bereitstellzeitpunkt
AUSK_BEREITSTELLZEITPUNKT,Wamas.P_AUSK,nvarchar,Bereitstellzeitpunkt
AUSK_BESTZEIT,Wamas.P_AUSK,datetime,Bestellzeit
AUSK_ENDEMPFADRS_ADR,Wamas.P_AUSK,nvarchar,Adresse
AUSK_ENDEMPFADRS_ADR2,Wamas.P_AUSK,nvarchar,Adresse 2
AUSK_ENDEMPFADRS_ANREDE,Wamas.P_AUSK,nvarchar,Anrede
AUSK_ENDEMPFADRS_EMAIL,Wamas.P_AUSK,nvarchar,e-mail
AUSK_ENDEMPFADRS_FAX,Wamas.P_AUSK,nvarchar,Faxnummer
AUSK_ENDEMPFADRS_ILN,Wamas.P_AUSK,nvarchar,ILN/GLN
AUSK_ENDEMPFADRS_LAND,Wamas.P_AUSK,nvarchar,Land
AUSK_ENDEMPFADRS_NAME,Wamas.P_AUSK,nvarchar,Name
AUSK_ENDEMPFADRS_NAME2,Wamas.P_AUSK,nvarchar,Name 2
AUSK_ENDEMPFADRS_NAME3,Wamas.P_AUSK,nvarchar,Name 3
AUSK_ENDEMPFADRS_NAME4,Wamas.P_AUSK,nvarchar,Name 4
AUSK_ENDEMPFADRS_ORT,Wamas.P_AUSK,nvarchar,Ort
AUSK_ENDEMPFADRS_ORTTEIL,Wamas.P_AUSK,nvarchar,Ortsteil
AUSK_ENDEMPFADRS_PLZ,Wamas.P_AUSK,nvarchar,Postleitzahl
AUSK_ENDEMPFADRS_TEL,Wamas.P_AUSK,nvarchar,Telefon
AUSK_ENDEMPFADRS_WWW,Wamas.P_AUSK,nvarchar,Homepage
AUSK_EXTREF,Wamas.P_AUSK,nvarchar,externe Referenz
AUSK_FERTZEIT,Wamas.P_AUSK,datetime,Fertigzeit
AUSK_FORCETOURPERORDERKZ,Wamas.P_AUSK,nvarchar,Tour pro Auftrag zwingend
AUSK_FRANKATUR,Wamas.P_AUSK,nvarchar,Frankatur
AUSK_GANZTERESZEITP,Wamas.P_AUSK,datetime,Ganz-TE Reservierungszeitpunkt
AUSK_GEPL2STEP_LAGRF,Wamas.P_AUSK,nvarchar,gepl. Lagerreihenfolge 2.Stufe
AUSK_GEPLBEREITTERM,Wamas.P_AUSK,datetime,geplanter Bereitstelltermin
AUSK_GEPLEINSTRAT_LAGRF,Wamas.P_AUSK,nvarchar,gepl. Lagerreihenfolge
AUSK_HIST_AEUSER,Wamas.P_AUSK,nvarchar,geändert von
AUSK_HIST_AEZEIT,Wamas.P_AUSK,datetime,Änderungszeit
AUSK_HIST_ANUSER,Wamas.P_AUSK,nvarchar,angelegt von
AUSK_HIST_ANZEIT,Wamas.P_AUSK,datetime,Anlegezeit
AUSK_INFO2HOST,Wamas.P_AUSK,nvarchar,Info für Host
AUSK_INFO2WAMAS,Wamas.P_AUSK,nvarchar,Info für Wamas
AUSK_KITAID_ARTNR,Wamas.P_AUSK,nvarchar,
AUSK_KITAID_AUSPR,Wamas.P_AUSK,float,
AUSK_KITAID_MAND,Wamas.P_AUSK,nvarchar,
AUSK_KITAID_VAR,Wamas.P_AUSK,nvarchar,
AUSK_KOMZ_ARTKOMGRPID,Wamas.P_AUSK,nvarchar,
AUSK_KOMZ_FELDKOMGRPID,Wamas.P_AUSK,nvarchar,
AUSK_KOMZ_LVSMATQID,Wamas.P_AUSK,nvarchar,
AUSK_KST_KUNR,Wamas.P_AUSK,nvarchar,Kundennummer
AUSK_KST_MAND,Wamas.P_AUSK,nvarchar,Mandant
AUSK_LIEFADRS_ADR,Wamas.P_AUSK,nvarchar,Adresse
AUSK_LIEFADRS_ADR2,Wamas.P_AUSK,nvarchar,Adresse 2
AUSK_LIEFADRS_ANREDE,Wamas.P_AUSK,nvarchar,Anrede
AUSK_LIEFADRS_EMAIL,Wamas.P_AUSK,nvarchar,e-mail
AUSK_LIEFADRS_FAX,Wamas.P_AUSK,nvarchar,Faxnummer
AUSK_LIEFADRS_ILN,Wamas.P_AUSK,nvarchar,ILN/GLN
AUSK_LIEFADRS_LAND,Wamas.P_AUSK,nvarchar,Land
AUSK_LIEFADRS_NAME,Wamas.P_AUSK,nvarchar,Name
AUSK_LIEFADRS_NAME2,Wamas.P_AUSK,nvarchar,Name 2
AUSK_LIEFADRS_NAME3,Wamas.P_AUSK,nvarchar,Name 3
AUSK_LIEFADRS_NAME4,Wamas.P_AUSK,nvarchar,Name 4
AUSK_LIEFADRS_ORT,Wamas.P_AUSK,nvarchar,Ort
AUSK_LIEFADRS_ORTTEIL,Wamas.P_AUSK,nvarchar,Ortsteil
AUSK_LIEFADRS_PLZ,Wamas.P_AUSK,nvarchar,Postleitzahl
AUSK_LIEFADRS_TEL,Wamas.P_AUSK,nvarchar,Telefon
AUSK_LIEFADRS_WWW,Wamas.P_AUSK,nvarchar,Homepage
AUSK_LIEFTERM,Wamas.P_AUSK,datetime,Liefertermin
AUSK_LOKAUTYP_KOMART,Wamas.P_AUSK,nvarchar,Kommissionierart
AUSK_LOKAUTYP_KONSOLKZ,Wamas.P_AUSK,nvarchar,Konsolidieren erlaubt
AUSK_LOKAUTYP_MAXANZPOS,Wamas.P_AUSK,float,max. Anzahl Auftragspositionen
AUSK_LOKAUTYP_MAXGEW,Wamas.P_AUSK,float,max. Gewicht [kg]
AUSK_LOKAUTYP_MAXVOL,Wamas.P_AUSK,float,max Volumen [m³]
AUSK_LOKAUTYP_MIXORIGEARTERL,Wamas.P_AUSK,nvarchar,Orig.-Ersatzartikel mischen
AUSK_LOKAUTYP_REPRINTPFLKZ,Wamas.P_AUSK,nvarchar,Rechnungsdruck erforderlich
AUSK_LOKAUTYP_VERLCTRLKZ,Wamas.P_AUSK,nvarchar,Verladekontrollauftrag
AUSK_LOKAUTYP_VERLCTRLZPKZ,Wamas.P_AUSK,nvarchar,Verladekontrollauftragszeitpunkt
AUSK_LOKAUTYP_VORZBTGTU,Wamas.P_AUSK,nvarchar,Vorlaufzeit Ganz TE
AUSK_MATZK_MATZID,Wamas.P_AUSK,nvarchar,Materialzustands-ID
AUSK_MERGEID,Wamas.P_AUSK,nvarchar,Zusammenführungs-Id
AUSK_PRIM_VPLSTRAT,Wamas.P_AUSK,nvarchar,Primäre Verplanungsstrategie
AUSK_PRIO,Wamas.P_AUSK,nvarchar,Priorität
AUSK_RAHMENTOUR_LKWT_LKWTYP,Wamas.P_AUSK,nvarchar,LKW-Typ
AUSK_RAHMENTOUR_S_SCHICHTID,Wamas.P_AUSK,nvarchar,Schicht-Id
AUSK_RAHMENTOUR_WA_TOR,Wamas.P_AUSK,nvarchar,WA-Tor
AUSK_RAHMENTOURFZID1,Wamas.P_AUSK,nvarchar,Fahrzeug-Id1
AUSK_RAHMENTOURFZID2,Wamas.P_AUSK,nvarchar,Fahrzeug-Id2
AUSK_RAHMENTOURID_HOSTTOURKZ,Wamas.P_AUSK,nvarchar,Host Tourkennzeichen
AUSK_RAHMENTOURID_INTLFDNR,Wamas.P_AUSK,float,laufende Nummer
AUSK_RAHMENTOURID_TOURNR,Wamas.P_AUSK,nvarchar,Tournummer
AUSK_RAHMENTOURLKWBEIFAHRER,Wamas.P_AUSK,nvarchar,LKW-Beifahrer
AUSK_RAHMENTOURLKWFAHRER,Wamas.P_AUSK,nvarchar,LKW-Fahrer
AUSK_RAHMENTOURMAXGEW,Wamas.P_AUSK,float,max. Gewicht [kg]
AUSK_RAHMENTOURMAXSTDLE,Wamas.P_AUSK,float,max. Anzahl Ladeeinheiten
AUSK_RAHMENTOURSTDLEVOL,Wamas.P_AUSK,float,Std. LE Volumen [dm³]
AUSK_RECHNUNGPRINTKZ,Wamas.P_AUSK,nvarchar,Rechnung gedruckt
AUSK_REPRNTEID,Wamas.P_AUSK,nvarchar,Rechnung in TE
AUSK_SEK_VPLSTRAT,Wamas.P_AUSK,nvarchar,Sekundäre Verplanungsstrategie
AUSK_STARTZEIT,Wamas.P_AUSK,datetime,Startzeit
AUSK_STATUS,Wamas.P_AUSK,nvarchar,Status
AUSK_VAST_VERSANDART,Wamas.P_AUSK,nvarchar,Versandart
AUSK_VERLRFNR,Wamas.P_AUSK,float,Verladereihenfolgenummer
AUSK_VERLSUBTEKZ,Wamas.P_AUSK,nvarchar,Verladekontrolle Sub-TE genau
AUSK_VERPLZEITP,Wamas.P_AUSK,datetime,Freigabezeitpunkt
AUSK_VERSPGANZTERESKZ,Wamas.P_AUSK,nvarchar,Verzögerte Ganz-TE Reservierung
AUSK_VPLSTRAT,Wamas.P_AUSK,nvarchar,Soll Verplanungsstrategie
AUSK_ZUSTELLTERMIN,Wamas.P_AUSK,datetime,möglicher Zustellzeitpunkt
AUSK_ZUSTELLZEITPUNKT,Wamas.P_AUSK,nvarchar,Zustellzeitpunkt
AUSP_AKTIONLVPKZ,Wamas.P_AUSP,nvarchar,Aktionskennzeichen LVP
AUSP_AKTIONNR,Wamas.P_AUSP,nvarchar,Aktionsnummer
AUSP_AKTIONWPKZ,Wamas.P_AUSP,nvarchar,Aktionskennzeichen WP
AUSP_ASCFIFO,Wamas.P_AUSP,nvarchar,Aufsteigendes MHD
AUSP_AUSID_AUSNR,Wamas.P_AUSP,nvarchar,Auftragsnummer
AUSP_AUSID_HOSTAUSKZ,Wamas.P_AUSP,nvarchar,Host Ausgangskennzeichen
AUSP_AUSID_MAND,Wamas.P_AUSP,nvarchar,Mandant
AUSP_BATCHLAGRF,Wamas.P_AUSP,nvarchar,Batch LagRf
AUSP_BEARBKZ,Wamas.P_AUSP,nvarchar,BearbeitungsKz.
AUSP_BESTMNGS_GEW,Wamas.P_AUSP,float,Gewicht [kg]
AUSP_BESTMNGS_GEWBASIS,Wamas.P_AUSP,float,Gewicht Basis [kg]
AUSP_BESTMNGS_MNG,Wamas.P_AUSP,float,Menge
AUSP_EXTREF,Wamas.P_AUSP,nvarchar,externe Referenz
AUSP_FREIMNGS_GEW,Wamas.P_AUSP,float,Gewicht [kg]
AUSP_FREIMNGS_GEWBASIS,Wamas.P_AUSP,float,Gewicht Basis [kg]
AUSP_FREIMNGS_MNG,Wamas.P_AUSP,float,Menge
AUSP_GEW_HOSTEINH,Wamas.P_AUSP,nvarchar,Host-Gewichtseinheit
AUSP_GRUNDPREIS,Wamas.P_AUSP,float,Grundpreis
AUSP_HIST_AEUSER,Wamas.P_AUSP,nvarchar,geändert von
AUSP_HIST_AEZEIT,Wamas.P_AUSP,datetime,Änderungszeit
AUSP_HIST_ANUSER,Wamas.P_AUSP,nvarchar,angelegt von
AUSP_HIST_ANZEIT,Wamas.P_AUSP,datetime,Anlegezeit
AUSP_HOST_EINHEIT,Wamas.P_AUSP,nvarchar,Host-Einheit
AUSP_HOSTBATCH,Wamas.P_AUSP,nvarchar,Host BatchKz.
AUSP_HOSTNENNER,Wamas.P_AUSP,float,Nenner
AUSP_HOSTPOSNR,Wamas.P_AUSP,float,HOST-PosNr
AUSP_HOSTZAEHLER,Wamas.P_AUSP,float,Zähler
AUSP_INFO,Wamas.P_AUSP,nvarchar,Info
AUSP_LADENVERPREIS,Wamas.P_AUSP,float,Ladenverkaufspreis
AUSP_LADENVERWHRCODE,Wamas.P_AUSP,nvarchar,Währung Ladenverkaufspreis
AUSP_LIEFMNGSHOST_GEW,Wamas.P_AUSP,float,Gewicht [kg]
AUSP_LIEFMNGSHOST_GEWBASIS,Wamas.P_AUSP,float,Gewicht Basis [kg]
AUSP_LIEFMNGSHOST_MNG,Wamas.P_AUSP,float,Menge
AUSP_LIEFMNGSWAMAS_GEW,Wamas.P_AUSP,float,Gewicht [kg]
AUSP_LIEFMNGSWAMAS_GEWBASIS,Wamas.P_AUSP,float,Gewicht Basis [kg]
AUSP_LIEFMNGSWAMAS_MNG,Wamas.P_AUSP,float,Menge
AUSP_MID_AID_ARTNR,Wamas.P_AUSP,nvarchar,Artikelnummer
AUSP_MID_AID_AUSPR,Wamas.P_AUSP,float,Ausprägung
AUSP_MID_AID_MAND,Wamas.P_AUSP,nvarchar,Mandant
AUSP_MID_AID_VAR,Wamas.P_AUSP,nvarchar,Variante
AUSP_MID_CHARGE,Wamas.P_AUSP,nvarchar,Charge
AUSP_MID_MATQ,Wamas.P_AUSP,nvarchar,Materialqualifikations-Id
AUSP_MID_MATZID,Wamas.P_AUSP,nvarchar,Materialzustands-ID
AUSP_MID_MHD,Wamas.P_AUSP,datetime,MHD
AUSP_MID_RESNR,Wamas.P_AUSP,nvarchar,Reservierungsnummer
AUSP_MID_SERIENNRGRP,Wamas.P_AUSP,nvarchar,Seriennummer
AUSP_MID_THMKZ,Wamas.P_AUSP,nvarchar,Transporthilfsmittel Kz
AUSP_MID_WENR,Wamas.P_AUSP,nvarchar,Wareneingangsnummer
AUSP_NOFEHLMNGCHKKZ,Wamas.P_AUSP,nvarchar,Keine Fehlmengenprüfung
AUSP_ORIGPOSNR,Wamas.P_AUSP,float,orig. Positionsnummer
AUSP_POSNR,Wamas.P_AUSP,float,Positionsnummer
AUSP_RESTHALTTAWA,Wamas.P_AUSP,float,Resthaltbarkeit WA [Tage]
AUSP_STATUS,Wamas.P_AUSP,nvarchar,Status
AUSP_URAUSID_AUSNR,Wamas.P_AUSP,nvarchar,Auftragsnummer
AUSP_URAUSID_HOSTAUSKZ,Wamas.P_AUSP,nvarchar,Host Ausgangskennzeichen
AUSP_URAUSID_MAND,Wamas.P_AUSP,nvarchar,Mandant
AUSP_URBESTMNGS_GEW,Wamas.P_AUSP,float,Gewicht [kg]
AUSP_URBESTMNGS_GEWBASIS,Wamas.P_AUSP,float,Gewicht Basis [kg]
AUSP_URBESTMNGS_MNG,Wamas.P_AUSP,float,Menge
AUSP_URPOSNR,Wamas.P_AUSP,float,UrPositionsnummer
AUSP_VORVERNR,Wamas.P_AUSP,nvarchar,Vorverkaufsnummer
AUSP_VPLMNGS_GEW,Wamas.P_AUSP,float,Gewicht [kg]
AUSP_VPLMNGS_GEWBASIS,Wamas.P_AUSP,float,Gewicht Basis [kg]
AUSP_VPLMNGS_MNG,Wamas.P_AUSP,float,Menge
AUSP_WARENWERT,Wamas.P_AUSP,float,Warenwert
AUSP_WATESPLITTID,Wamas.P_AUSP,nvarchar,WA TE Splitt-Id
AUSP_WEITERPREIS,Wamas.P_AUSP,float,Weitergabepreis
AUSP_WEITERWHRCODE,Wamas.P_AUSP,nvarchar,Währung Weitergabepreis
AUSPRMISCHERL,Wamas.ART,nvarchar,Ausprägungen mischen erlaubt
AUTOABSKZWA,Wamas.ART,nvarchar,auto. Abschluss WA
AUTONACHMNG,Wamas.ART,float,Nachschubsgrenze
AVTDIREKTKZ,Wamas.ART,nvarchar,Direkterfassung erlaubt
BATCH,Wamas.ART,nvarchar,Batch
BESTAND_EINHEIT,Wamas.ART,nvarchar,Bestandseinheit
BESTANDTOLABSWA,Wamas.ART,float,Bestandsmengentoleranz WA
BESTANDTOLABSWE,Wamas.ART,float,Bestandsmengentoleranz WE
BESTANDTOLPROZWA,Wamas.ART,float,Bestandsmengentoleranz WA [%]
BESTANDTOLPROZWE,Wamas.ART,float,Bestandsmengentoleranz WE [%]
BESTERFARTWA,Wamas.ART,nvarchar,Bestandserfassungsart WA
BESTERFARTWE,Wamas.ART,nvarchar,Bestandserfassungsart WE
BESTERFARTWH,Wamas.ART,nvarchar,Bestandserfassungsart Lager
BESTKZ,Wamas.ART,nvarchar,Bestandsführung
CHANGEAUSPRERL,Wamas.ART,nvarchar,Wechsel Ausprägung
CHARGEMISCHERL,Wamas.ART,nvarchar,Chargen mischen erlaubt
CHARGEPFLWA,Wamas.ART,nvarchar,Chargen-Pflicht WA
CHARGEPFLWE,Wamas.ART,nvarchar,Chargen-Pflicht WE
CHARGEPFLWH,Wamas.ART,nvarchar,Chargenpflicht Lager
DEFLAGRF,Wamas.FES,nvarchar,Default-Einlagerreihenfolge
DELEMPTYZEROTUPOS,Wamas.FES,nvarchar,
DISPONENTWE,Wamas.ART,nvarchar,Disponent WE
EBENE,Wamas.FES,float,Ebene
EBENEEXT,Wamas.FES,float,Ebene Ext.
ERSTANLIEFKZ,Wamas.ART,nvarchar,Erstanlieferung
FAPOS_AT,Wamas.FES,float,Anlagenteil
FAPOS_FNR,Wamas.FES,float,Forderernummer
FAPOS_POS,Wamas.FES,float,Position
FATTRLLS_AUTOCREATEUMTPA,Wamas.FES,float,Feldattribute Lagerleitsystem : TPA blockierende TEs umlagern
FATTRLLS_GPALVPLSP,Wamas.FES,float,Feldattribute Lagerleitsystem : Verplanungssperre Ganz TE
FATTRLLS_MISCHTEKZ,Wamas.FES,float,Feldattribute Lagerleitsystem : bevorzugte Misch TE Lagerung
FATTRLLS_NACHSP,Wamas.FES,float,Feldattribute Lagerleitsystem : Kommissioniernachschubsperre
FATTRLLS_NODESPERR,Wamas.FES,float,Feldattribute Lagerleitsystem : Node mitsperren
FATTRLLS_VPLSP,Wamas.FES,float,Feldattribute Lagerleitsystem : Verplanungssperre
FATTRLLS_WAFLZUGANG,Wamas.FES,float,Feldattribute Lagerleitsystem : WA Flache zuganglich
FATTRLLS_WAITPOS,Wamas.FES,float,Feldattribute Lagerleitsystem : Warteposition
FATTRLLS_ZULAGERL,Wamas.FES,float,Feldattribute Lagerleitsystem : Zulagern/Verdichten erlaubt
FATTRLLS_ZULAGERL_TEIL,Wamas.FES,float,Feldattribute Lagerleitsystem : Zulagern Teilmenge
FATTRWAA_BUCHETE,Wamas.FES,float,Automatik Feldattribute : TE buchen
FATTRWAA_FAANM,Wamas.FES,float,Automatik Feldattribute : FA-Anmeldung
FATTRWAA_FAENDPOSCHECK,Wamas.FES,float,Automatik Feldattribute : Spezialcheck fur FA-EndPos
FATTRWAA_FAMULTIANM,Wamas.FES,float,Automatik Feldattribute : FA-Mehrere Anm. auf Position
FATTRWAA_FATA,Wamas.FES,float,Automatik Feldattribute : FA-Auftragsverfolgt
FATTRWAA_FATPMCH,Wamas.FES,float,Automatik Feldattribute : FA-Transportmittelwechsel
FATTRWAA_FAUPTA,Wamas.FES,float,Automatik Feldattribute : TPA updaten
FATTRWAA_FAZIEL,Wamas.FES,float,Automatik Feldattribute : FA-Zwischen/Endziel
FATTRWAA_GENINTANM,Wamas.FES,float,Automatik Feldattribute : Interne Anmeldung generieren
FATTRWAA_LOGIC,Wamas.FES,float,Automatik Feldattribute : Logische Pos
FATTRWAA_RBG,Wamas.FES,float,Automatik Feldattribute : Position am RBG
FATTRWAA_RBGAB,Wamas.FES,float,Automatik Feldattribute : RBG-Abgabe-Pos
FATTRWAA_RBGAUF,Wamas.FES,float,Automatik Feldattribute : RBG-Aufnahme-Pos
FATTRWAA_SSALLOWED,Wamas.FES,float,Automatik Feldattribute : Start/Stopp erlaubt
FATTRWAA_WRITESTAT,Wamas.FES,float,Automatik Feldattribute : Positionsstatistik schreiben
FEARTBIS,Wamas.ART,datetime,Fehlartikelzeit bis
FEARTINFO,Wamas.ART,nvarchar,Fehlartikel Info
FEARTSEIT,Wamas.ART,datetime,Fehlartikelzeit seit
FELDID,Wamas.FES,nvarchar,Lagerplatz
FERT_MATZID,Wamas.ART,nvarchar,Materialzustands-ID Fert
FIFOFEN,Wamas.ART,float,FIFO-Fenster [Tage]
FTS_FETID,Wamas.FES,nvarchar,Feldtyp
GANG,Wamas.FES,float,Gang
GANGEXT,Wamas.FES,float,Gang Ext.
GANZTEMNG,Wamas.ART,float,Ganz TE Menge
GANZTESPLITTKZ1,Wamas.ART,nvarchar,Ganz TE Splitt Stufe 1
GANZTESPLITTKZ2,Wamas.ART,nvarchar,Ganz TE Splitt Stufe 2
GEFAHRENGUTMENGE,Wamas.ART,float,
GEFGUTBUCHS,Wamas.ART,nvarchar,Gefahrgutbuchstabe
GEFGUTCHEMBEZ,Wamas.ART,nvarchar,chem. tech. Bezeichnung
GEFGUTEINH,Wamas.ART,nvarchar,Gefahrguteinheit
GEFGUTHINT_1,Wamas.ART,float,
GEFGUTHINT_2,Wamas.ART,float,
GEFGUTHINT_3,Wamas.ART,float,
GEFGUTHINT_4,Wamas.ART,float,
GEFGUTHINT_5,Wamas.ART,float,
GEFGUTHINT_6,Wamas.ART,float,
GEFGUTHINT_OS,Wamas.ART,float,
GEFGUTKLASSCODE,Wamas.ART,nvarchar,Klassifizierungscode
GEFGUTKLASSE,Wamas.ART,nvarchar,Gefahrgutklasse
GEFGUTSTOFFBEZ,Wamas.ART,nvarchar,Stoff Bezeichnung
GEFGUTSTOFFBEZ2,Wamas.ART,nvarchar,Stoff Bezeichnung 2
GEFGUTSTOFFBEZ3,Wamas.ART,nvarchar,Stoff Bezeichnung 3
GEFGUTUNNR,Wamas.ART,nvarchar,UN-Nummer
GEFGUTVERPGRP,Wamas.ART,nvarchar,Verpackungsgruppe
GEFGUTZIFFER,Wamas.ART,nvarchar,Gefahrgutziffer
GEWTOLABSWA,Wamas.ART,float,Gewichtstoleranz WA [kg]
GEWTOLABSWE,Wamas.ART,float,Gewichtstoleranz WE [kg]
GEWTOLPROZWA,Wamas.ART,float,Gewichtstoleranz WA [%]
GEWTOLPROZWE,Wamas.ART,float,Gewichtstoleranz WE [%]
HIST_AEUSER,Wamas.ART,nvarchar,geändert von
HIST_AEUSER,Wamas.FES,nvarchar,geändert von
HIST_AEZEIT,Wamas.ART,datetime,Änderungszeit
HIST_AEZEIT,Wamas.FES,datetime,Änderungszeit
HIST_ANUSER,Wamas.ART,nvarchar,angelegt von
HIST_ANUSER,Wamas.FES,nvarchar,angelegt von
HIST_ANZEIT,Wamas.ART,datetime,Anlegezeit
HIST_ANZEIT,Wamas.FES,datetime,Anlegezeit
HOSTAUSPRKZ,Wamas.ART,nvarchar,Ausprägung HOST
HOSTGEWKZ,Wamas.ART,nvarchar,HOST Gewichtskennzeichen
HOSTQUITERLAUBEN,Wamas.ART,nvarchar,
HOSTUNITS_HOSTEINH,Wamas.ART,nvarchar,HOST Gewichtseinheit
INFO,Wamas.ART,nvarchar,Information
INTARTBEZ,Wamas.ART,nvarchar,Internat. Artikelbezeichnung
INTLPIDX,Wamas.FES,float,int. Lagerplatzindex
INVGRP,Wamas.ART,nvarchar,Inventurgruppe
KITARTKZ,Wamas.ART,nvarchar,
KUVERTVERSANDKZ,Wamas.ART,nvarchar,Kuvert versandfähig
LAGWERT,Wamas.ART,float,Lagerwert Basis
LASTQUITTDATE,Wamas.ART,datetime,Letzte Quittierung am
LBCL_LAGIDCL,Wamas.FES,nvarchar,Lagerbereich Klarplatz
LBFERT_LAGIDFERT,Wamas.FES,nvarchar,Lagerbereich Fertigung
LBINV_LAGIDINV,Wamas.FES,nvarchar,Lagerbereich Inventur
LBST_LAGIDST,Wamas.FES,nvarchar,Lagerbereich Strategisch
LBSTAT_LAGIDSTAT,Wamas.FES,nvarchar,Lagerbereich Stat.
LBWA_LAGIDWA,Wamas.FES,nvarchar,Lagerbereich Warenausgang
LBWE_LAGIDWE,Wamas.ART,nvarchar,Lagerbereich Wareneingang
LBWE_LAGIDWE,Wamas.FES,nvarchar,Lagerbereich Wareneingang
LBZKOM_LAGIDZKOM,Wamas.FES,nvarchar,Lagerbereich Zielkommissionierung
LGSCHWELLEPROZ,Wamas.ART,float,Leergutschwellwert [%]
LKS_LAGKLASSE,Wamas.FES,nvarchar,Lagerklasse
LQNUMMER,Wamas.ART,nvarchar,
LRFK_LAGRF,Wamas.FES,nvarchar,Lagerreihenfolge
MATQMISCHERL,Wamas.ART,nvarchar,Materialqualifikation mischen erlaubt
MAXA,Wamas.ART,float,Max. Beschleunigung [%]
MAXDIFFBASISABSWA,Wamas.ART,float,max. Abweichung WA
MAXDIFFBASISPROZWA,Wamas.ART,float,max. Abweichung WA [%]
MAXDIFFGEWABSWA,Wamas.ART,float,max. Abweichung Gewicht WA
MAXDIFFGEWPROZWA,Wamas.ART,float,max. Abweichung Gewicht WA [%]
MAXV,Wamas.ART,float,Max. Geschwindigkeit [%]
MHDMISCHERL,Wamas.ART,nvarchar,MHD mischen erlaubt
MHDPFLWA,Wamas.ART,nvarchar,MHD-Pflicht WA
MHDPFLWE,Wamas.ART,nvarchar,MHD-Pflicht WE
MHDPFLWH,Wamas.ART,nvarchar,MHD-Pflicht Lager
MINDERCHECKKZHOST,Wamas.ART,nvarchar,Mindermengenprüfung HOST
MINDERCHECKKZLLS,Wamas.ART,nvarchar,Mindermengenprüfung WAMAS
MODID,Wamas.FES,float,ModId
NETTOGEW,Wamas.ART,float,Nettogewicht [kg]
OFFS_L_X,Wamas.FES,float,X-Koordinate
OFFS_L_Y,Wamas.FES,float,Y-Koordinate
OFFS_L_Z,Wamas.FES,float,Z-Koordinate
PAUSEPOS,Wamas.FES,nvarchar,Pause - Position
POSNR,Wamas.P_VLOGP,int,PosNr
PRIMANSTO_STOID,Wamas.FES,nvarchar,Standort
PROTNR,Wamas.P_VLOGK,int,Protokollnummer
PROTNR,Wamas.P_AUSK,int,Protokollnummer
PROTNR,Wamas.P_WEVK,int,Protokollnummer
PROTNR,Wamas.P_VLOGP,int,Protokollnummer
PROTNR,Wamas.P_TPA,int,Protokollnummer
PROTNR,Wamas.P_TOUR,int,Protokollnummer
PROTNR,Wamas.P_VPLP,int,Protokollnummer
PROTNR,Wamas.P_AUSP,int,Protokollnummer
PROTPOSNR,Wamas.P_VPLP,int,PosNr
PROTPOSNR,Wamas.P_AUSP,float,PosNr
PROTZEIT,Wamas.P_VLOGK,datetime,ProtZeit
PROTZEIT,Wamas.P_AUSK,datetime,ProtZeit
PROTZEIT,Wamas.P_WEVK,datetime,ProtZeit
PROTZEIT,Wamas.P_VLOGP,datetime,ProtZeit
PROTZEIT,Wamas.P_TPA,datetime,ProtZeit
PROTZEIT,Wamas.P_TOUR,datetime,ProtZeit
PROTZEIT,Wamas.P_VPLP,datetime,ProtZeit
QUITTIERUNGHOSTKZ,Wamas.ART,nvarchar,Quittierung an Host
RBGPOS_ATIEFE,Wamas.FES,float,Ausfahrtiefe
RBGPOS_EBENE,Wamas.FES,float,Ebene
RBGPOS_FACH,Wamas.FES,float,Fach/Raster
RBGPOS_GASSE,Wamas.FES,float,Gasse/TpmNr
RBGPOS_LAMANF_LAM1,Wamas.FES,float,RBG nicht anfahrbar mit : LAM1
RBGPOS_LAMANF_LAM2,Wamas.FES,float,RBG nicht anfahrbar mit : LAM2
RBGPOS_REGAL,Wamas.FES,float,Regal/Seite
RBGPOS_SPALTE,Wamas.FES,float,Spalte
REFEINHEIT,Wamas.ART,nvarchar,Vergleichspreiseinheit
REFMNG,Wamas.ART,float,Vergleichspreismenge
REG_LAGIDPHY,Wamas.FES,nvarchar,Lagerbereich Physikalisch
REG_REGAL,Wamas.FES,float,Regal
REG_REGALTEIL,Wamas.FES,float,Regalteil
REGALEXT,Wamas.FES,float,Regal Ext.
REIFENKZ,Wamas.ART,nvarchar,Reifen
REQPOS_FELDID,Wamas.FES,nvarchar,Lagerplatz
REQPOS_OFFS_L_X,Wamas.FES,float,X-Koordinate
REQPOS_OFFS_L_Y,Wamas.FES,float,Y-Koordinate
REQPOS_OFFS_L_Z,Wamas.FES,float,Z-Koordinate
REQPOS_RAS_R_X,Wamas.FES,float,X-Koordinate
REQPOS_RAS_R_Y,Wamas.FES,float,Y-Koordinate
REQPOS_RAS_R_Z,Wamas.FES,float,Z-Koordinate
REQTYPE_TPMID,Wamas.FES,nvarchar,Ubergabe Routing Tpm
RESTHALTPROZWE,Wamas.ART,float,max. Abw. Resthaltbarkeit WE [%]
RESTHALTTAWA,Wamas.ART,float,Resthaltbarkeit WA [Tage]
RESTHALTTAWE,Wamas.ART,float,Resthaltbarkeit WE [Tage]
SATZKZ,Wamas.ART,nvarchar,Satzkennzeichen
SCSID,Wamas.FES,nvarchar,SCS-Id
SCSKOOX,Wamas.FES,float,SCS-Koordinate (X)
SCSNACHMNG,Wamas.ART,float,
SORT_SORTIMENT,Wamas.ART,nvarchar,Sortiment
SPALTE,Wamas.FES,float,Spalte
SPALTEEXT,Wamas.FES,float,Spalte Ext.
SPERRARTKZ,Wamas.ART,nvarchar,Sperriger Artikel
SPERRKZWA,Wamas.ART,nvarchar,Sperre WA
STAPELGEW,Wamas.ART,float,stapelbares Gewicht [kg]
STAPELHOEHE,Wamas.ART,float,Stapelhöhe
STAPELKZAHL,Wamas.ART,float,Stapelkennzahl
STATUS,Wamas.ART,nvarchar,Status
STDAUS_LAGRF,Wamas.ART,nvarchar,std. Auslagerreihenfolge
SUMGEWERFWE,Wamas.ART,nvarchar,Summengewichtserfassung WE
SVERSKLASSE,Wamas.ART,nvarchar,Sonder-Versandklasse
TEID,Wamas.P_VLOGK,nvarchar,TE-Id
THM_THMID,Wamas.ART,nvarchar,Transporthilfsmittel
THMTAUSCHERLWE,Wamas.ART,nvarchar,THM tauschen WE erlaubt
TMPAUS_LAGRF,Wamas.ART,nvarchar,tmp. Auslagerreihenfolge
TOUR,Wamas.P_VLOGK,nvarchar,Tourdatenbank
TOUR_AUSNR,Wamas.P_TOUR,nvarchar,Auftragsnummer
TOUR_AUTOTOURKZ,Wamas.P_TOUR,nvarchar,autom. Tour Starten
TOUR_AUTOVERPLKZ,Wamas.P_TOUR,nvarchar,autom. Freigabe
TOUR_BEREITTERM,Wamas.P_TOUR,datetime,Bereitstelltermin
TOUR_FERTZEIT,Wamas.P_TOUR,datetime,Fertigzeit
TOUR_FORCETOURPERORDERKZ,Wamas.P_TOUR,nvarchar,Tour pro Auftrag zwingend
TOUR_FZID1,Wamas.P_TOUR,nvarchar,Fahrzeug-Id1
TOUR_FZID2,Wamas.P_TOUR,nvarchar,Fahrzeug-Id2
TOUR_GANZTERESZEITP,Wamas.P_TOUR,datetime,Ganz-TE Reservierungszeitpunkt
TOUR_HIST_AEUSER,Wamas.P_TOUR,nvarchar,geändert von
TOUR_HIST_AEZEIT,Wamas.P_TOUR,datetime,Änderungszeit
TOUR_HIST_ANUSER,Wamas.P_TOUR,nvarchar,angelegt von
TOUR_HIST_ANZEIT,Wamas.P_TOUR,datetime,Anlegezeit
TOUR_ISTANZKUNDEN,Wamas.P_TOUR,float,Ist Anzahl Kunden
TOUR_ISTGANZ_ANZMNGART,Wamas.P_TOUR,float,Anzeigemenge
TOUR_ISTGANZ_ANZPOS,Wamas.P_TOUR,float,Anzahl Positionen
TOUR_ISTGANZ_ANZSTDLE,Wamas.P_TOUR,float,Anzahl Ladeeinheiten
TOUR_ISTGANZ_ANZTE,Wamas.P_TOUR,float,Anzahl TEs
TOUR_ISTGANZ_GEW,Wamas.P_TOUR,float,Gewicht [kg]
TOUR_ISTGANZ_LIEF,Wamas.P_TOUR,float,Lieferungen
TOUR_ISTGANZ_VOL,Wamas.P_TOUR,float,Volumen [dm³]
TOUR_ISTGEFGUTPUNKTE,Wamas.P_TOUR,float,Ist Gefahrgutpunkte
TOUR_ISTKOM_ANZMNGART,Wamas.P_TOUR,float,Anzeigemenge
TOUR_ISTKOM_ANZPOS,Wamas.P_TOUR,float,Anzahl Positionen
TOUR_ISTKOM_ANZSTDLE,Wamas.P_TOUR,float,Anzahl Ladeeinheiten
TOUR_ISTKOM_ANZTE,Wamas.P_TOUR,float,Anzahl TEs
TOUR_ISTKOM_GEW,Wamas.P_TOUR,float,Gewicht [kg]
TOUR_ISTKOM_LIEF,Wamas.P_TOUR,float,Lieferungen
TOUR_ISTKOM_VOL,Wamas.P_TOUR,float,Volumen [dm³]
TOUR_ISTSUM_ANZMNGART,Wamas.P_TOUR,float,Anzeigemenge
TOUR_ISTSUM_ANZPOS,Wamas.P_TOUR,float,Anzahl Positionen
TOUR_ISTSUM_ANZSTDLE,Wamas.P_TOUR,float,Anzahl Ladeeinheiten
TOUR_ISTSUM_ANZTE,Wamas.P_TOUR,float,Anzahl TEs
TOUR_ISTSUM_GEW,Wamas.P_TOUR,float,Gewicht [kg]
TOUR_ISTSUM_LIEF,Wamas.P_TOUR,float,Lieferungen
TOUR_ISTSUM_VOL,Wamas.P_TOUR,float,Volumen [dm³]
TOUR_LKWBEIFAHRER,Wamas.P_TOUR,nvarchar,LKW-Beifahrer
TOUR_LKWFAHRER,Wamas.P_TOUR,nvarchar,LKW-Fahrer
TOUR_LKWT_LKWTYP,Wamas.P_TOUR,nvarchar,LKW-Typ
TOUR_MAXGEW,Wamas.P_TOUR,float,max. Gewicht [kg]
TOUR_MAXSTDLE,Wamas.P_TOUR,float,max. Anzahl Ladeeinheiten
TOUR_PRIO,Wamas.P_TOUR,nvarchar,Priorität
TOUR_SCHICHT_SCHICHTID,Wamas.P_TOUR,nvarchar,Schicht-Id
TOUR_SOLLANZKUNDEN,Wamas.P_TOUR,float,Soll Anzahl Kunden
TOUR_SOLLGANZ_ANZMNGART,Wamas.P_TOUR,float,Anzeigemenge
TOUR_SOLLGANZ_ANZPOS,Wamas.P_TOUR,float,Anzahl Positionen
TOUR_SOLLGANZ_ANZSTDLE,Wamas.P_TOUR,float,Anzahl Ladeeinheiten
TOUR_SOLLGANZ_ANZTE,Wamas.P_TOUR,float,Anzahl TEs
TOUR_SOLLGANZ_GEW,Wamas.P_TOUR,float,Gewicht [kg]
TOUR_SOLLGANZ_LIEF,Wamas.P_TOUR,float,Lieferungen
TOUR_SOLLGANZ_VOL,Wamas.P_TOUR,float,Volumen [dm³]
TOUR_SOLLGEFGUTPUNKTE,Wamas.P_TOUR,float,Soll Gefahrgutpunkte
TOUR_SOLLKOM_ANZMNGART,Wamas.P_TOUR,float,Anzeigemenge
TOUR_SOLLKOM_ANZPOS,Wamas.P_TOUR,float,Anzahl Positionen
TOUR_SOLLKOM_ANZSTDLE,Wamas.P_TOUR,float,Anzahl Ladeeinheiten
TOUR_SOLLKOM_ANZTE,Wamas.P_TOUR,float,Anzahl TEs
TOUR_SOLLKOM_GEW,Wamas.P_TOUR,float,Gewicht [kg]
TOUR_SOLLKOM_LIEF,Wamas.P_TOUR,float,Lieferungen
TOUR_SOLLKOM_VOL,Wamas.P_TOUR,float,Volumen [dm³]
TOUR_SOLLSUM_ANZMNGART,Wamas.P_TOUR,float,Anzeigemenge
TOUR_SOLLSUM_ANZPOS,Wamas.P_TOUR,float,Anzahl Positionen
TOUR_SOLLSUM_ANZSTDLE,Wamas.P_TOUR,float,Anzahl Ladeeinheiten
TOUR_SOLLSUM_ANZTE,Wamas.P_TOUR,float,Anzahl TEs
TOUR_SOLLSUM_GEW,Wamas.P_TOUR,float,Gewicht [kg]
TOUR_SOLLSUM_LIEF,Wamas.P_TOUR,float,Lieferungen
TOUR_SOLLSUM_VOL,Wamas.P_TOUR,float,Volumen [dm³]
TOUR_STARTZEIT,Wamas.P_TOUR,datetime,Startzeit
TOUR_STATUS,Wamas.P_TOUR,nvarchar,Status
TOUR_STDLEVOL,Wamas.P_TOUR,float,Std. LE Volumen [dm³]
TOUR_SUCHID,Wamas.P_TOUR,nvarchar,Such-ID
TOUR_TOURID_HOSTTOURKZ,Wamas.P_TOUR,nvarchar,Host Tourkennzeichen
TOUR_TOURID_INTLFDNR,Wamas.P_TOUR,float,laufende Nummer
TOUR_TOURID_TOURNR,Wamas.P_TOUR,nvarchar,Tournummer
TOUR_VAST_VERSANDART,Wamas.P_TOUR,nvarchar,Versandart
TOUR_VERLADKZ,Wamas.P_TOUR,nvarchar,Verladen
TOUR_VERLCTRLKZ,Wamas.P_TOUR,nvarchar,Verladekontrollauftrag
TOUR_VERLCTRLZPKZ,Wamas.P_TOUR,nvarchar,Verladekontrollauftragszeitpunkt
TOUR_VERLSUBTEKZ,Wamas.P_TOUR,nvarchar,Verladekontrolle Sub-TE genau
TOUR_VERPLZEITP,Wamas.P_TOUR,datetime,Freigabezeitpunkt
TOUR_VERSPGANZTERESKZ,Wamas.P_TOUR,nvarchar,Verzögerte Ganz-TE Reservierung
TOUR_VORZBTGTU,Wamas.P_TOUR,nvarchar,Vorlaufzeit Ganz TE
TOUR_VPLSTRAT,Wamas.P_TOUR,nvarchar,Soll Verplanungsstrategie
TOUR_WA_TOR,Wamas.P_TOUR,nvarchar,WA-Tor
TOUR_WA2STEP_LAGRF,Wamas.P_TOUR,nvarchar,Lagerreihenfolge 2.Stufe
TOUR_WAEINSTRAT_LAGRF,Wamas.P_TOUR,nvarchar,Lagerreihenfolge
TPA_AKTGATEBEZ,Wamas.P_TPA,nvarchar,AktGateBez
TPA_AKTPOS_FELDID,Wamas.P_TPA,nvarchar,Lagerplatz
TPA_AKTPOS_OFFS_L_X,Wamas.P_TPA,float,X-Koordinate
TPA_AKTPOS_OFFS_L_Y,Wamas.P_TPA,float,Y-Koordinate
TPA_AKTPOS_OFFS_L_Z,Wamas.P_TPA,float,Z-Koordinate
TPA_AKTPOS_RAS_R_X,Wamas.P_TPA,float,X-Koordinate
TPA_AKTPOS_RAS_R_Y,Wamas.P_TPA,float,Y-Koordinate
TPA_AKTPOS_RAS_R_Z,Wamas.P_TPA,float,Z-Koordinate
TPA_AKTRFNR,Wamas.P_TPA,float,akt. Reihenfolgenummer
TPA_AKTUSER,Wamas.P_TPA,nvarchar,Aktueller Benutzer
TPA_ANMID_ANMNR,Wamas.P_TPA,float,Anmeldenummer
TPA_ANMID_LFDNR,Wamas.P_TPA,float,Laufende Nummer
TPA_ANMID_TPMID,Wamas.P_TPA,nvarchar,Transportmittel
TPA_ANZGEPLTE,Wamas.P_TPA,float,Anzahl geplante TEs
TPA_BEARBART,Wamas.P_TPA,nvarchar,Bearbeitungsart
TPA_BEARBZEIT,Wamas.P_TPA,datetime,Bearbeitungszeit
TPA_BEWHOP,Wamas.P_TPA,float,Anzahl Bewegungen
TPA_BEWTYP_NACH,Wamas.P_TPA,float,Bewegungstyp : Nachschub
TPA_BEWTYP_UM,Wamas.P_TPA,float,Bewegungstyp : Umlagerung
TPA_BEWTYP_WA,Wamas.P_TPA,float,Bewegungstyp : Auslagerung
TPA_BEWTYP_WE,Wamas.P_TPA,float,Bewegungstyp : Einlagerung
TPA_CMD,Wamas.P_TPA,nvarchar,Kommando
TPA_CSEITENNR,Wamas.P_TPA,float,Convey-Seitennummer
TPA_CTANR,Wamas.P_TPA,float,Convey-Auftragsnummer
TPA_DELETEONERR,Wamas.P_TPA,nvarchar,TPA aus WFL Gründen löschen
TPA_DIRECTOUTID,Wamas.P_TPA,float,
TPA_DIRECTOUTPAGEID,Wamas.P_TPA,float,
TPA_ERR,Wamas.P_TPA,nvarchar,Fehlerhafter TPA
TPA_ERRNO,Wamas.P_TPA,float,Fehlernummer
TPA_FAAIDX,Wamas.P_TPA,float,Auftragsindex
TPA_FLAG_THMERF,Wamas.P_TPA,nvarchar,THM-Erfassung
TPA_FORCEAKTPOS,Wamas.P_TPA,nvarchar,AktPos überschreiben
TPA_GROUPNR,Wamas.P_TPA,float,Gruppe
TPA_HIST_AEUSER,Wamas.P_TPA,nvarchar,geändert von
TPA_HIST_AEZEIT,Wamas.P_TPA,datetime,Änderungszeit
TPA_HIST_ANUSER,Wamas.P_TPA,nvarchar,angelegt von
TPA_HIST_ANZEIT,Wamas.P_TPA,datetime,Anlegezeit
TPA_INFOTXT,Wamas.P_TPA,nvarchar,Information
TPA_KKFEHLER,Wamas.P_TPA,float,Konturenfehler
TPA_LASTUSER,Wamas.P_TPA,nvarchar,Letzter Benutzer
TPA_MAXA,Wamas.P_TPA,float,Max. Beschleunigung [%]
TPA_MAXV,Wamas.P_TPA,float,Max. Geschwindigkeit [%]
TPA_NEXT_LPREQID,Wamas.P_TPA,float,LP-Request-Id Nextpos
TPA_NEXTGATEBEZ,Wamas.P_TPA,nvarchar,NextGateBez
TPA_NEXTPOS_FELDID,Wamas.P_TPA,nvarchar,Lagerplatz
TPA_NEXTPOS_OFFS_L_X,Wamas.P_TPA,float,X-Koordinate
TPA_NEXTPOS_OFFS_L_Y,Wamas.P_TPA,float,Y-Koordinate
TPA_NEXTPOS_OFFS_L_Z,Wamas.P_TPA,float,Z-Koordinate
TPA_NEXTPOS_RAS_R_X,Wamas.P_TPA,float,X-Koordinate
TPA_NEXTPOS_RAS_R_Y,Wamas.P_TPA,float,Y-Koordinate
TPA_NEXTPOS_RAS_R_Z,Wamas.P_TPA,float,Z-Koordinate
TPA_NOROUTINGTPM,Wamas.P_TPA,nvarchar,Keine Routing Tpm-Übergabe
TPA_NTET_GEW,Wamas.P_TPA,float,Gewicht [kg]
TPA_NTET_VOL_L_X,Wamas.P_TPA,float,X-Koordinate
TPA_NTET_VOL_L_Y,Wamas.P_TPA,float,Y-Koordinate
TPA_NTET_VOL_L_Z,Wamas.P_TPA,float,Z-Koordinate
TPA_PRIO,Wamas.P_TPA,nvarchar,Priorität
TPA_QTET_GEW,Wamas.P_TPA,float,Gewicht [kg]
TPA_QTET_VOL_L_X,Wamas.P_TPA,float,X-Koordinate
TPA_QTET_VOL_L_Y,Wamas.P_TPA,float,Y-Koordinate
TPA_QTET_VOL_L_Z,Wamas.P_TPA,float,Z-Koordinate
TPA_QUELLPOS_FELDID,Wamas.P_TPA,nvarchar,Lagerplatz
TPA_QUELLPOS_OFFS_L_X,Wamas.P_TPA,float,X-Koordinate
TPA_QUELLPOS_OFFS_L_Y,Wamas.P_TPA,float,Y-Koordinate
TPA_QUELLPOS_OFFS_L_Z,Wamas.P_TPA,float,Z-Koordinate
TPA_QUELLPOS_RAS_R_X,Wamas.P_TPA,float,X-Koordinate
TPA_QUELLPOS_RAS_R_Y,Wamas.P_TPA,float,Y-Koordinate
TPA_QUELLPOS_RAS_R_Z,Wamas.P_TPA,float,Z-Koordinate
TPA_RBGFEHLER,Wamas.P_TPA,nvarchar,RBG-Fehler
TPA_RBGNEEDFBH,Wamas.P_TPA,nvarchar,Manuelle RBG-Fehler-\nbehandlung erforderlich:
TPA_ROUTINGERFORDERLICH,Wamas.P_TPA,nvarchar,Routing erforderlich
TPA_ROUTINGZEIT,Wamas.P_TPA,datetime,Routingzeit
TPA_SOLLENDZEIT,Wamas.P_TPA,datetime,Soll-Endezeit
TPA_STARTZEIT,Wamas.P_TPA,datetime,Startzeit
TPA_STATUS,Wamas.P_TPA,nvarchar,Status
TPA_TANR,Wamas.P_TPA,float,TaNr
TPA_TEK_TEID,Wamas.P_TPA,nvarchar,TE-Id
TPA_TET_GEW,Wamas.P_TPA,float,Gewicht [kg]
TPA_TET_VOL_L_X,Wamas.P_TPA,float,X-Koordinate
TPA_TET_VOL_L_Y,Wamas.P_TPA,float,Y-Koordinate
TPA_TET_VOL_L_Z,Wamas.P_TPA,float,Z-Koordinate
TPA_TMSK_TPMID,Wamas.P_TPA,nvarchar,Transportmittel-Id
TPA_TPASTARTED,Wamas.P_TPA,nvarchar,Transport gestartet
TPA_TSNR,Wamas.P_TPA,float,Transportscheinnummer
TPA_TTS_TETID,Wamas.P_TPA,nvarchar,TE-Typ
TPA_WIPRG,Wamas.P_TPA,float,Wickelprogramm
TPA_WRONGWAYCNT,Wamas.P_TPA,float,Anzahl Weg verlassen
TPA_ZIEL_LPREQID,Wamas.P_TPA,float,LP-Request-Id Ziel
TPA_ZIELGATEBEZ,Wamas.P_TPA,nvarchar,ZielGateBez
TPA_ZIELPOS_FELDID,Wamas.P_TPA,nvarchar,Lagerplatz
TPA_ZIELPOS_OFFS_L_X,Wamas.P_TPA,float,X-Koordinate
TPA_ZIELPOS_OFFS_L_Y,Wamas.P_TPA,float,Y-Koordinate
TPA_ZIELPOS_OFFS_L_Z,Wamas.P_TPA,float,Z-Koordinate
TPA_ZIELPOS_RAS_R_X,Wamas.P_TPA,float,X-Koordinate
TPA_ZIELPOS_RAS_R_Y,Wamas.P_TPA,float,Y-Koordinate
TPA_ZIELPOS_RAS_R_Z,Wamas.P_TPA,float,Z-Koordinate
TPA_ZTET_GEW,Wamas.P_TPA,float,Gewicht [kg]
TPA_ZTET_VOL_L_X,Wamas.P_TPA,float,X-Koordinate
TPA_ZTET_VOL_L_Y,Wamas.P_TPA,float,Y-Koordinate
TPA_ZTET_VOL_L_Z,Wamas.P_TPA,float,Z-Koordinate
TPA_ZUGUSER,Wamas.P_TPA,nvarchar,Zugeteilter Benutzer
TPA_ZULAGART,Wamas.P_TPA,nvarchar,Zulagerungsart
TPA_ZUTEILSPERRE,Wamas.P_TPA,nvarchar,Automatische Zuteilung gesperrt
UEBERLIEFERLWE,Wamas.ART,nvarchar,überliefern erlaubt WE
UEBZEIT,Wamas.ART,datetime,Überprüfungszeit
VBKZ,Wamas.ART,nvarchar,Verbrauchsartikel
VLOGK_ABS_BANK_BLZ,Wamas.P_VLOGK,nvarchar,
VLOGK_ABS_BANK_KONTONR,Wamas.P_VLOGK,nvarchar,
VLOGK_ABS_HNR,Wamas.P_VLOGK,nvarchar,
VLOGK_ABS_ISO,Wamas.P_VLOGK,nvarchar,
VLOGK_ABS_KREDITINST,Wamas.P_VLOGK,nvarchar,
VLOGK_ABS_MAIL,Wamas.P_VLOGK,nvarchar,
VLOGK_ABS_NR_01,Wamas.P_VLOGK,nvarchar,
VLOGK_ABS_NR_02,Wamas.P_VLOGK,nvarchar,
VLOGK_ABS_NR_03,Wamas.P_VLOGK,nvarchar,
VLOGK_ABS_ORT,Wamas.P_VLOGK,nvarchar,
VLOGK_ABS_PLZ,Wamas.P_VLOGK,nvarchar,
VLOGK_ABS_STAAT,Wamas.P_VLOGK,nvarchar,
VLOGK_ABS_STEUERNR,Wamas.P_VLOGK,nvarchar,
VLOGK_ABS_STRASSE,Wamas.P_VLOGK,nvarchar,
VLOGK_ABS_TELEFAX,Wamas.P_VLOGK,nvarchar,
VLOGK_ABS_TELEFON,Wamas.P_VLOGK,nvarchar,
VLOGK_ABS_UPS_ACCOUNTNR,Wamas.P_VLOGK,nvarchar,
VLOGK_EMPF_DS_NAME,Wamas.P_VLOGK,nvarchar,
VLOGK_EMPF_GEBURTSTAG,Wamas.P_VLOGK,nvarchar,
VLOGK_EMPF_HNR,Wamas.P_VLOGK,nvarchar,
VLOGK_EMPF_IATA,Wamas.P_VLOGK,nvarchar,
VLOGK_EMPF_ISO,Wamas.P_VLOGK,nvarchar,
VLOGK_EMPF_KDNR,Wamas.P_VLOGK,nvarchar,
VLOGK_EMPF_KZ,Wamas.P_VLOGK,nvarchar,
VLOGK_EMPF_LAND,Wamas.P_VLOGK,nvarchar,
VLOGK_EMPF_MAIL,Wamas.P_VLOGK,nvarchar,
VLOGK_EMPF_NAME_01,Wamas.P_VLOGK,nvarchar,
VLOGK_EMPF_NAME_02,Wamas.P_VLOGK,nvarchar,
VLOGK_EMPF_NAME_03,Wamas.P_VLOGK,nvarchar,
VLOGK_EMPF_NAME_04,Wamas.P_VLOGK,nvarchar,
VLOGK_EMPF_NAME_05,Wamas.P_VLOGK,nvarchar,
VLOGK_EMPF_NAME_06,Wamas.P_VLOGK,nvarchar,
VLOGK_EMPF_NAME_07,Wamas.P_VLOGK,nvarchar,
VLOGK_EMPF_NAME_08,Wamas.P_VLOGK,nvarchar,
VLOGK_EMPF_NAME_09,Wamas.P_VLOGK,nvarchar,
VLOGK_EMPF_NAME_10,Wamas.P_VLOGK,nvarchar,
VLOGK_EMPF_NATIONALITAET,Wamas.P_VLOGK,nvarchar,
VLOGK_EMPF_NR,Wamas.P_VLOGK,nvarchar,
VLOGK_EMPF_ORT,Wamas.P_VLOGK,nvarchar,
VLOGK_EMPF_PLZ,Wamas.P_VLOGK,nvarchar,
VLOGK_EMPF_POSTFACH,Wamas.P_VLOGK,nvarchar,
VLOGK_EMPF_REGION,Wamas.P_VLOGK,nvarchar,
VLOGK_EMPF_STAAT,Wamas.P_VLOGK,nvarchar,
VLOGK_EMPF_STEUERNR,Wamas.P_VLOGK,nvarchar,
VLOGK_EMPF_STRASSE,Wamas.P_VLOGK,nvarchar,
VLOGK_EMPF_TELEFAX,Wamas.P_VLOGK,nvarchar,
VLOGK_EMPF_TELEFONNR,Wamas.P_VLOGK,nvarchar,
VLOGK_EXP_HNR,Wamas.P_VLOGK,nvarchar,
VLOGK_EXP_ISO,Wamas.P_VLOGK,nvarchar,
VLOGK_EXP_LAND,Wamas.P_VLOGK,nvarchar,
VLOGK_EXP_MAIL,Wamas.P_VLOGK,nvarchar,
VLOGK_EXP_NR,Wamas.P_VLOGK,nvarchar,
VLOGK_EXP_NR_01,Wamas.P_VLOGK,nvarchar,
VLOGK_EXP_NR_02,Wamas.P_VLOGK,nvarchar,
VLOGK_EXP_NR_03,Wamas.P_VLOGK,nvarchar,
VLOGK_EXP_NR_04,Wamas.P_VLOGK,nvarchar,
VLOGK_EXP_ORT,Wamas.P_VLOGK,nvarchar,
VLOGK_EXP_PLZ,Wamas.P_VLOGK,nvarchar,
VLOGK_EXP_STAAT,Wamas.P_VLOGK,nvarchar,
VLOGK_EXP_STEUERNR,Wamas.P_VLOGK,nvarchar,
VLOGK_EXP_STRASSE,Wamas.P_VLOGK,nvarchar,
VLOGK_EXP_TELEFAX,Wamas.P_VLOGK,nvarchar,
VLOGK_EXP_TELEFON,Wamas.P_VLOGK,nvarchar,
VLOGK_GG_ANZPOS,Wamas.P_VLOGK,float,
VLOGK_GG_MITARBEITER,Wamas.P_VLOGK,nvarchar,
VLOGK_GG_VERSANDWEG,Wamas.P_VLOGK,float,
VLOGK_HIST_AEUSER,Wamas.P_VLOGK,nvarchar,
VLOGK_HIST_AEZEIT,Wamas.P_VLOGK,datetime,
VLOGK_HIST_ANUSER,Wamas.P_VLOGK,nvarchar,
VLOGK_HIST_ANZEIT,Wamas.P_VLOGK,datetime,
VLOGK_IMP_HNR,Wamas.P_VLOGK,nvarchar,
VLOGK_IMP_ISO,Wamas.P_VLOGK,nvarchar,
VLOGK_IMP_LAND,Wamas.P_VLOGK,nvarchar,
VLOGK_IMP_MAIL,Wamas.P_VLOGK,nvarchar,
VLOGK_IMP_NAME_01,Wamas.P_VLOGK,nvarchar,
VLOGK_IMP_NAME_02,Wamas.P_VLOGK,nvarchar,
VLOGK_IMP_NAME_03,Wamas.P_VLOGK,nvarchar,
VLOGK_IMP_NAME_04,Wamas.P_VLOGK,nvarchar,
VLOGK_IMP_NR,Wamas.P_VLOGK,nvarchar,
VLOGK_IMP_ORT,Wamas.P_VLOGK,nvarchar,
VLOGK_IMP_PLZ,Wamas.P_VLOGK,nvarchar,
VLOGK_IMP_STAAT,Wamas.P_VLOGK,nvarchar,
VLOGK_IMP_STEUERNR,Wamas.P_VLOGK,nvarchar,
VLOGK_IMP_STRASSE,Wamas.P_VLOGK,nvarchar,
VLOGK_IMP_TELEFAX,Wamas.P_VLOGK,nvarchar,
VLOGK_IMP_TELEFONNR,Wamas.P_VLOGK,nvarchar,
VLOGK_INT_AKTPRINTER,Wamas.P_VLOGK,nvarchar,
VLOGK_INT_BENUTZER,Wamas.P_VLOGK,nvarchar,
VLOGK_INT_FEHLERTEXT,Wamas.P_VLOGK,nvarchar,
VLOGK_INT_FELDID,Wamas.P_VLOGK,nvarchar,
VLOGK_INT_PCNAME,Wamas.P_VLOGK,nvarchar,
VLOGK_INT_STATUS,Wamas.P_VLOGK,nvarchar,
VLOGK_REFERENZNR,Wamas.P_VLOGK,nvarchar,
VLOGK_RESTART,Wamas.P_VLOGK,nvarchar,
VLOGK_SEND_ABHOLDATUM,Wamas.P_VLOGK,datetime,
VLOGK_SEND_ABHOLUHRZEIT,Wamas.P_VLOGK,datetime,
VLOGK_SEND_AIRWAYBILL_ID,Wamas.P_VLOGK,nvarchar,
VLOGK_SEND_ANZ,Wamas.P_VLOGK,float,
VLOGK_SEND_ANZAHLLADEMITTEL_01,Wamas.P_VLOGK,nvarchar,
VLOGK_SEND_ANZAHLLADEMITTEL_02,Wamas.P_VLOGK,nvarchar,
VLOGK_SEND_ANZAHLLADEMITTEL_03,Wamas.P_VLOGK,nvarchar,
VLOGK_SEND_ANZAHLLADEMITTEL_04,Wamas.P_VLOGK,nvarchar,
VLOGK_SEND_ARTLADEMITTEL_01,Wamas.P_VLOGK,nvarchar,
VLOGK_SEND_ARTLADEMITTEL_02,Wamas.P_VLOGK,nvarchar,
VLOGK_SEND_ARTLADEMITTEL_03,Wamas.P_VLOGK,nvarchar,
VLOGK_SEND_ARTLADEMITTEL_04,Wamas.P_VLOGK,nvarchar,
VLOGK_SEND_BEIGEFDOKU_01,Wamas.P_VLOGK,nvarchar,
VLOGK_SEND_BEIGEFDOKU_02,Wamas.P_VLOGK,nvarchar,
VLOGK_SEND_BEIGEFDOKU_03,Wamas.P_VLOGK,nvarchar,
VLOGK_SEND_BEIGEFDOKU_04,Wamas.P_VLOGK,nvarchar,
VLOGK_SEND_BEIGEFDOKU_05,Wamas.P_VLOGK,nvarchar,
VLOGK_SEND_BEIGEFDOKU_06,Wamas.P_VLOGK,nvarchar,
VLOGK_SEND_BEIGEFDOKU_07,Wamas.P_VLOGK,nvarchar,
VLOGK_SEND_BEIGEFDOKU_08,Wamas.P_VLOGK,nvarchar,
VLOGK_SEND_BEIGEFDOKU_09,Wamas.P_VLOGK,nvarchar,
VLOGK_SEND_BEIGEFDOKU_10,Wamas.P_VLOGK,nvarchar,
VLOGK_SEND_BEIGEFDOKU_11,Wamas.P_VLOGK,nvarchar,
VLOGK_SEND_BEIGEFDOKU_12,Wamas.P_VLOGK,nvarchar,
VLOGK_SEND_BEIGEFDOKU_13,Wamas.P_VLOGK,nvarchar,
VLOGK_SEND_BEIGEFDOKU_14,Wamas.P_VLOGK,nvarchar,
VLOGK_SEND_BEIGEFDOKU_15,Wamas.P_VLOGK,nvarchar,
VLOGK_SEND_BESCHREIBUNGINHALT,Wamas.P_VLOGK,nvarchar,
VLOGK_SEND_BREITE,Wamas.P_VLOGK,float,
VLOGK_SEND_CROSSD_2N_PRDCD,Wamas.P_VLOGK,float,
VLOGK_SEND_CROSSD_FRACHTF,Wamas.P_VLOGK,nvarchar,
VLOGK_SEND_CROSSD_LEADER_ID,Wamas.P_VLOGK,float,
VLOGK_SEND_DURCHMESSER,Wamas.P_VLOGK,float,
VLOGK_SEND_ENTGELT,Wamas.P_VLOGK,float,
VLOGK_SEND_ENTGELT_01,Wamas.P_VLOGK,float,
VLOGK_SEND_ENTGELT_02,Wamas.P_VLOGK,float,
VLOGK_SEND_ENTGELT_03,Wamas.P_VLOGK,float,
VLOGK_SEND_ENTGELT_04,Wamas.P_VLOGK,float,
VLOGK_SEND_ENTGELTDETAILS,Wamas.P_VLOGK,nvarchar,
VLOGK_SEND_ENTGELTDETAILS_01,Wamas.P_VLOGK,nvarchar,
VLOGK_SEND_ENTGELTDETAILS_02,Wamas.P_VLOGK,nvarchar,
VLOGK_SEND_ENTGELTDETAILS_03,Wamas.P_VLOGK,nvarchar,
VLOGK_SEND_ENTGELTDETAILS_04,Wamas.P_VLOGK,nvarchar,
VLOGK_SEND_FRACHTFUEHRER,Wamas.P_VLOGK,nvarchar,
VLOGK_SEND_FRANKATURKZ,Wamas.P_VLOGK,nvarchar,
VLOGK_SEND_GEWICHTEINZEL,Wamas.P_VLOGK,float,
VLOGK_SEND_GEWICHTGESAMT,Wamas.P_VLOGK,float,
VLOGK_SEND_GEWICHTNETTO,Wamas.P_VLOGK,float,
VLOGK_SEND_GUTKLASSIFIZIERUNG,Wamas.P_VLOGK,nvarchar,
VLOGK_SEND_HILF_01,Wamas.P_VLOGK,nvarchar,
VLOGK_SEND_HILF_02,Wamas.P_VLOGK,nvarchar,
VLOGK_SEND_HILF_03,Wamas.P_VLOGK,nvarchar,
VLOGK_SEND_HILF_04,Wamas.P_VLOGK,nvarchar,
VLOGK_SEND_HILF_05,Wamas.P_VLOGK,nvarchar,
VLOGK_SEND_HILF_06,Wamas.P_VLOGK,nvarchar,
VLOGK_SEND_HILF_07,Wamas.P_VLOGK,nvarchar,
VLOGK_SEND_HILF_08,Wamas.P_VLOGK,nvarchar,
VLOGK_SEND_HILF_09,Wamas.P_VLOGK,nvarchar,
VLOGK_SEND_HILF_10,Wamas.P_VLOGK,nvarchar,
VLOGK_SEND_HILF_11,Wamas.P_VLOGK,nvarchar,
VLOGK_SEND_HILF_12,Wamas.P_VLOGK,nvarchar,
VLOGK_SEND_HILF_13,Wamas.P_VLOGK,nvarchar,
VLOGK_SEND_HILF_14,Wamas.P_VLOGK,nvarchar,
VLOGK_SEND_HILF_15,Wamas.P_VLOGK,nvarchar,
VLOGK_SEND_HILF_16,Wamas.P_VLOGK,nvarchar,
VLOGK_SEND_HILF_17,Wamas.P_VLOGK,nvarchar,
VLOGK_SEND_HILF_18,Wamas.P_VLOGK,nvarchar,
VLOGK_SEND_HILF_19,Wamas.P_VLOGK,nvarchar,
VLOGK_SEND_HILF_20,Wamas.P_VLOGK,nvarchar,
VLOGK_SEND_HOEHE,Wamas.P_VLOGK,float,
VLOGK_SEND_IDENT,Wamas.P_VLOGK,nvarchar,
VLOGK_SEND_INKASSONN,Wamas.P_VLOGK,nvarchar,
VLOGK_SEND_KASSIERUNGSART,Wamas.P_VLOGK,nvarchar,
VLOGK_SEND_KOSTENSTELLE,Wamas.P_VLOGK,nvarchar,
VLOGK_SEND_KREDITKARTEDAT,Wamas.P_VLOGK,nvarchar,
VLOGK_SEND_KREDITKARTENR,Wamas.P_VLOGK,nvarchar,
VLOGK_SEND_KUNDENKENNUNG,Wamas.P_VLOGK,nvarchar,
VLOGK_SEND_LADEHAFEN_01,Wamas.P_VLOGK,nvarchar,
VLOGK_SEND_LADEHAFEN_02,Wamas.P_VLOGK,nvarchar,
VLOGK_SEND_LADEHAFEN_03,Wamas.P_VLOGK,nvarchar,
VLOGK_SEND_LADEMETER,Wamas.P_VLOGK,float,
VLOGK_SEND_LAENGE,Wamas.P_VLOGK,float,
VLOGK_SEND_LIEFERBDG,Wamas.P_VLOGK,nvarchar,
VLOGK_SEND_LOESCHHAFEN_01,Wamas.P_VLOGK,nvarchar,
VLOGK_SEND_LOESCHHAFEN_02,Wamas.P_VLOGK,nvarchar,
VLOGK_SEND_LOESCHHAFEN_03,Wamas.P_VLOGK,nvarchar,
VLOGK_SEND_MANDANT,Wamas.P_VLOGK,nvarchar,
VLOGK_SEND_N_PRODCODE,Wamas.P_VLOGK,nvarchar,
VLOGK_SEND_NACHNAHMEBANK,Wamas.P_VLOGK,nvarchar,
VLOGK_SEND_NACHNAHMEBETRAG,Wamas.P_VLOGK,float,
VLOGK_SEND_NACHNAHMEBLZ,Wamas.P_VLOGK,nvarchar,
VLOGK_SEND_NACHNAHMEKNTINH,Wamas.P_VLOGK,nvarchar,
VLOGK_SEND_NACHNAHMEKONTONR,Wamas.P_VLOGK,nvarchar,
VLOGK_SEND_NACHNAHMEWAEHRUNG,Wamas.P_VLOGK,nvarchar,
VLOGK_SEND_NR,Wamas.P_VLOGK,float,
VLOGK_SEND_POSTBANKKONTO,Wamas.P_VLOGK,float,
VLOGK_SEND_REFERENZNR,Wamas.P_VLOGK,nvarchar,
VLOGK_SEND_REFERENZNR_02,Wamas.P_VLOGK,nvarchar,
VLOGK_SEND_REFERENZNR_03,Wamas.P_VLOGK,nvarchar,
VLOGK_SEND_REFERENZNR_04,Wamas.P_VLOGK,nvarchar,
VLOGK_SEND_REFERENZNR_05,Wamas.P_VLOGK,nvarchar,
VLOGK_SEND_REFERENZNR_06,Wamas.P_VLOGK,nvarchar,
VLOGK_SEND_REFERENZNR_07,Wamas.P_VLOGK,nvarchar,
VLOGK_SEND_REFERENZNR_08,Wamas.P_VLOGK,nvarchar,
VLOGK_SEND_REFERENZNR_09,Wamas.P_VLOGK,nvarchar,
VLOGK_SEND_REFERENZNR_10,Wamas.P_VLOGK,nvarchar,
VLOGK_SEND_RETOURE_ID,Wamas.P_VLOGK,nvarchar,
VLOGK_SEND_TA_DATUM,Wamas.P_VLOGK,datetime,
VLOGK_SEND_TEILAUSLIEFERUNG,Wamas.P_VLOGK,nvarchar,
VLOGK_SEND_TERMIN_BIS,Wamas.P_VLOGK,datetime,
VLOGK_SEND_TERMIN_VON,Wamas.P_VLOGK,datetime,
VLOGK_SEND_TERMINDATUM,Wamas.P_VLOGK,datetime,
VLOGK_SEND_TERMINUHRZEIT,Wamas.P_VLOGK,datetime,
VLOGK_SEND_TTURL,Wamas.P_VLOGK,nvarchar,
VLOGK_SEND_VERBUCHTBESTNR,Wamas.P_VLOGK,nvarchar,
VLOGK_SEND_VERSANDDATUM,Wamas.P_VLOGK,datetime,
VLOGK_SEND_VERSANDUHRZEIT,Wamas.P_VLOGK,datetime,
VLOGK_SEND_VERSICHERUNGSWERT,Wamas.P_VLOGK,float,
VLOGK_SEND_VERWENDUNGSZWK_01,Wamas.P_VLOGK,nvarchar,
VLOGK_SEND_VERWENDUNGSZWK_02,Wamas.P_VLOGK,nvarchar,
VLOGK_SEND_VOLUMEN,Wamas.P_VLOGK,float,
VLOGK_SEND_VOLUMENGEWICHT,Wamas.P_VLOGK,float,
VLOGK_SEND_VORAUSVERFUEGUNG,Wamas.P_VLOGK,nvarchar,
VLOGK_SEND_VORAUSVRFTAGE,Wamas.P_VLOGK,float,
VLOGK_SEND_VRSNDART,Wamas.P_VLOGK,nvarchar,
VLOGK_SEND_WAREWERT,Wamas.P_VLOGK,float,
VLOGK_SEND_WECHSELKOFFERNR,Wamas.P_VLOGK,nvarchar,
VLOGK_SEND_WERTGEWICHT10G,Wamas.P_VLOGK,float,
VLOGK_SEND_WERTID,Wamas.P_VLOGK,nvarchar,
VLOGK_SEND_WERTINTERNATIONAL,Wamas.P_VLOGK,float,
VLOGK_SEND_WERTINTWAEHR,Wamas.P_VLOGK,nvarchar,
VLOGK_SEND_XMLPRINTSTRING,Wamas.P_VLOGK,nvarchar,
VLOGK_SEND_ZEICHENNR,Wamas.P_VLOGK,nvarchar,
VLOGK_SEND_ZUS_REFNRN,Wamas.P_VLOGK,nvarchar,
VLOGK_SEND_ZUSATZ,Wamas.P_VLOGK,nvarchar,
VLOGK_ZOLL_AEDRUCK,Wamas.P_VLOGK,nvarchar,
VLOGK_ZOLL_ANTRAG_LAND,Wamas.P_VLOGK,nvarchar,
VLOGK_ZOLL_ANTRAG_NAME_01,Wamas.P_VLOGK,nvarchar,
VLOGK_ZOLL_ANTRAG_NAME_02,Wamas.P_VLOGK,nvarchar,
VLOGK_ZOLL_ANTRAG_NAME_03,Wamas.P_VLOGK,nvarchar,
VLOGK_ZOLL_ANTRAG_ORT,Wamas.P_VLOGK,nvarchar,
VLOGK_ZOLL_ANTRAG_PLZ,Wamas.P_VLOGK,nvarchar,
VLOGK_ZOLL_ANTRAG_STRASSE,Wamas.P_VLOGK,nvarchar,
VLOGK_ZOLL_ANZAHLDOK,Wamas.P_VLOGK,nvarchar,
VLOGK_ZOLL_ANZPOS,Wamas.P_VLOGK,nvarchar,
VLOGK_ZOLL_AUSFAN_FELD_1_A,Wamas.P_VLOGK,nvarchar,
VLOGK_ZOLL_AUSFAN_FELD_1_B,Wamas.P_VLOGK,nvarchar,
VLOGK_ZOLL_AUSFAN_FELD_11,Wamas.P_VLOGK,nvarchar,
VLOGK_ZOLL_AUSFAN_FELD_14,Wamas.P_VLOGK,nvarchar,
VLOGK_ZOLL_AUSFAN_FELD_14_NR,Wamas.P_VLOGK,nvarchar,
VLOGK_ZOLL_AUSFAN_FELD_15,Wamas.P_VLOGK,nvarchar,
VLOGK_ZOLL_AUSFAN_FELD_16,Wamas.P_VLOGK,nvarchar,
VLOGK_ZOLL_AUSFAN_FELD_17,Wamas.P_VLOGK,nvarchar,
VLOGK_ZOLL_AUSFAN_FELD_17_A,Wamas.P_VLOGK,nvarchar,
VLOGK_ZOLL_AUSFAN_FELD_18_A,Wamas.P_VLOGK,nvarchar,
VLOGK_ZOLL_AUSFAN_FELD_18_B,Wamas.P_VLOGK,nvarchar,
VLOGK_ZOLL_AUSFAN_FELD_19,Wamas.P_VLOGK,nvarchar,
VLOGK_ZOLL_AUSFAN_FELD_20_A,Wamas.P_VLOGK,nvarchar,
VLOGK_ZOLL_AUSFAN_FELD_20_B,Wamas.P_VLOGK,nvarchar,
VLOGK_ZOLL_AUSFAN_FELD_21_A,Wamas.P_VLOGK,nvarchar,
VLOGK_ZOLL_AUSFAN_FELD_21_B,Wamas.P_VLOGK,nvarchar,
VLOGK_ZOLL_AUSFAN_FELD_22_A,Wamas.P_VLOGK,nvarchar,
VLOGK_ZOLL_AUSFAN_FELD_22_B,Wamas.P_VLOGK,nvarchar,
VLOGK_ZOLL_AUSFAN_FELD_24_A,Wamas.P_VLOGK,nvarchar,
VLOGK_ZOLL_AUSFAN_FELD_24_B,Wamas.P_VLOGK,nvarchar,
VLOGK_ZOLL_AUSFAN_FELD_25,Wamas.P_VLOGK,nvarchar,
VLOGK_ZOLL_AUSFAN_FELD_26,Wamas.P_VLOGK,nvarchar,
VLOGK_ZOLL_AUSFAN_FELD_27,Wamas.P_VLOGK,nvarchar,
VLOGK_ZOLL_AUSFAN_FELD_29,Wamas.P_VLOGK,nvarchar,
VLOGK_ZOLL_AUSFAN_FELD_3_A,Wamas.P_VLOGK,nvarchar,
VLOGK_ZOLL_AUSFAN_FELD_3_B,Wamas.P_VLOGK,nvarchar,
VLOGK_ZOLL_AUSFAN_FELD_49,Wamas.P_VLOGK,nvarchar,
VLOGK_ZOLL_AUSFAN_FELD_5,Wamas.P_VLOGK,nvarchar,
VLOGK_ZOLL_AUSFAN_FELD_50_A,Wamas.P_VLOGK,nvarchar,
VLOGK_ZOLL_AUSFAN_FELD_50_B,Wamas.P_VLOGK,nvarchar,
VLOGK_ZOLL_AUSFAN_FELD_50_NR,Wamas.P_VLOGK,nvarchar,
VLOGK_ZOLL_AUSFAN_FELD_54_A,Wamas.P_VLOGK,nvarchar,
VLOGK_ZOLL_AUSFAN_FELD_54_B,Wamas.P_VLOGK,nvarchar,
VLOGK_ZOLL_AUSFAN_FELD_7,Wamas.P_VLOGK,nvarchar,
VLOGK_ZOLL_AUSFAN_FELD_A,Wamas.P_VLOGK,nvarchar,
VLOGK_ZOLL_AUSFAN_FELD_B_A,Wamas.P_VLOGK,nvarchar,
VLOGK_ZOLL_AUSFAN_FELD_B_B,Wamas.P_VLOGK,nvarchar,
VLOGK_ZOLL_AUSFAN_FELD_C,Wamas.P_VLOGK,nvarchar,
VLOGK_ZOLL_AUSFAN_FORMNR,Wamas.P_VLOGK,nvarchar,
VLOGK_ZOLL_AUSFAN_TYP,Wamas.P_VLOGK,nvarchar,
VLOGK_ZOLL_AUSSTELLDATUM,Wamas.P_VLOGK,datetime,
VLOGK_ZOLL_AUSSTELLUNGSORT,Wamas.P_VLOGK,nvarchar,
VLOGK_ZOLL_BEFOERDERUNGSART,Wamas.P_VLOGK,nvarchar,
VLOGK_ZOLL_BEMERKUNG,Wamas.P_VLOGK,nvarchar,
VLOGK_ZOLL_BEMERKUNG_02,Wamas.P_VLOGK,nvarchar,
VLOGK_ZOLL_ERSTELLUNGSDATUM,Wamas.P_VLOGK,datetime,
VLOGK_ZOLL_EUR1FELD10,Wamas.P_VLOGK,nvarchar,
VLOGK_ZOLL_EUR1FELD11,Wamas.P_VLOGK,nvarchar,
VLOGK_ZOLL_EUR1FELD12ART,Wamas.P_VLOGK,nvarchar,
VLOGK_ZOLL_EUR1FELD12ARTNR,Wamas.P_VLOGK,nvarchar,
VLOGK_ZOLL_EUR1FELD9,Wamas.P_VLOGK,nvarchar,
VLOGK_ZOLL_EXPORTGRUND,Wamas.P_VLOGK,nvarchar,
VLOGK_ZOLL_EXPORTLIZENZNUMMER,Wamas.P_VLOGK,nvarchar,
VLOGK_ZOLL_FRACHTBRIEFNR,Wamas.P_VLOGK,nvarchar,
VLOGK_ZOLL_FRACHTENTGELD,Wamas.P_VLOGK,float,
VLOGK_ZOLL_FRANKATUR,Wamas.P_VLOGK,nvarchar,
VLOGK_ZOLL_HARECHNR,Wamas.P_VLOGK,nvarchar,
VLOGK_ZOLL_INHALTKURZB,Wamas.P_VLOGK,nvarchar,
VLOGK_ZOLL_LETZTESZIELLAND,Wamas.P_VLOGK,nvarchar,
VLOGK_ZOLL_LIEFERAUFTRAGSNR,Wamas.P_VLOGK,nvarchar,
VLOGK_ZOLL_NAMEZUSTSTELLE,Wamas.P_VLOGK,nvarchar,
VLOGK_ZOLL_RECHTYP,Wamas.P_VLOGK,nvarchar,
VLOGK_ZOLL_URSPFELD3,Wamas.P_VLOGK,nvarchar,
VLOGK_ZOLL_URSPFELD6,Wamas.P_VLOGK,nvarchar,
VLOGK_ZOLL_URSPFELD7,Wamas.P_VLOGK,nvarchar,
VLOGK_ZOLL_VERSICHERUNGSENTG,Wamas.P_VLOGK,float,
VLOGK_ZOLL_WAEHRUNG,Wamas.P_VLOGK,nvarchar,
VLOGK_ZOLL_WARENART,Wamas.P_VLOGK,float,
VLOGK_ZOLL_WERT,Wamas.P_VLOGK,float,
VLOGK_ZOLL_ZUSATZENTGELD,Wamas.P_VLOGK,float,
VLOGK_ZUSATZ_FAX,Wamas.P_VLOGK,nvarchar,
VLOGK_ZUSATZ_HNR,Wamas.P_VLOGK,nvarchar,
VLOGK_ZUSATZ_LAND,Wamas.P_VLOGK,nvarchar,
VLOGK_ZUSATZ_MAIL,Wamas.P_VLOGK,nvarchar,
VLOGK_ZUSATZ_NAME_01,Wamas.P_VLOGK,nvarchar,
VLOGK_ZUSATZ_NAME_02,Wamas.P_VLOGK,nvarchar,
VLOGK_ZUSATZ_NAME_03,Wamas.P_VLOGK,nvarchar,
VLOGK_ZUSATZ_NAME_04,Wamas.P_VLOGK,nvarchar,
VLOGK_ZUSATZ_NR,Wamas.P_VLOGK,nvarchar,
VLOGK_ZUSATZ_NR_02,Wamas.P_VLOGK,nvarchar,
VLOGK_ZUSATZ_ORT,Wamas.P_VLOGK,nvarchar,
VLOGK_ZUSATZ_PAKETINFO,Wamas.P_VLOGK,nvarchar,
VLOGK_ZUSATZ_PLZ,Wamas.P_VLOGK,nvarchar,
VLOGK_ZUSATZ_STAAT,Wamas.P_VLOGK,nvarchar,
VLOGK_ZUSATZ_STEUERNR,Wamas.P_VLOGK,nvarchar,
VLOGK_ZUSATZ_STRASSE,Wamas.P_VLOGK,nvarchar,
VLOGK_ZUSATZ_TEL,Wamas.P_VLOGK,nvarchar,
VLOGP_ARTIKEL_ANZ,Wamas.P_VLOGP,float,
VLOGP_ARTIKEL_BASISMNGEINHEIT,Wamas.P_VLOGP,nvarchar,
VLOGP_ARTIKEL_BERECHNETEMNG,Wamas.P_VLOGP,float,
VLOGP_ARTIKEL_BESTANDSMENGE,Wamas.P_VLOGP,float,
VLOGP_ARTIKEL_BESTELLMENGE,Wamas.P_VLOGP,float,
VLOGP_ARTIKEL_BESTELLNUMMER,Wamas.P_VLOGP,nvarchar,
VLOGP_ARTIKEL_BEZEICHNUNG_01,Wamas.P_VLOGP,nvarchar,
VLOGP_ARTIKEL_BEZEICHNUNG_02,Wamas.P_VLOGP,nvarchar,
VLOGP_ARTIKEL_BREITE,Wamas.P_VLOGP,float,
VLOGP_ARTIKEL_EAN,Wamas.P_VLOGP,nvarchar,
VLOGP_ARTIKEL_GEWICHT,Wamas.P_VLOGP,float,
VLOGP_ARTIKEL_GEWICHTSEINHEIT,Wamas.P_VLOGP,nvarchar,
VLOGP_ARTIKEL_GRUPPE,Wamas.P_VLOGP,nvarchar,
VLOGP_ARTIKEL_HERSTELLER,Wamas.P_VLOGP,nvarchar,
VLOGP_ARTIKEL_HERSTELLERARTNR,Wamas.P_VLOGP,nvarchar,
VLOGP_ARTIKEL_HOEHE,Wamas.P_VLOGP,float,
VLOGP_ARTIKEL_LAENGE,Wamas.P_VLOGP,float,
VLOGP_ARTIKEL_LAGERMNGEINHEIT,Wamas.P_VLOGP,nvarchar,
VLOGP_ARTIKEL_LIEFERANT,Wamas.P_VLOGP,nvarchar,
VLOGP_ARTIKEL_LIEFERZEIT,Wamas.P_VLOGP,nvarchar,
VLOGP_ARTIKEL_MEMO,Wamas.P_VLOGP,nvarchar,
VLOGP_ARTIKEL_NR_01,Wamas.P_VLOGP,nvarchar,
VLOGP_ARTIKEL_NR_02,Wamas.P_VLOGP,nvarchar,
VLOGP_ARTIKEL_POS,Wamas.P_VLOGP,float,
VLOGP_ARTIKEL_RABATTGRUPPE,Wamas.P_VLOGP,nvarchar,
VLOGP_ARTIKEL_SERIENNUMMER,Wamas.P_VLOGP,nvarchar,
VLOGP_ARTIKEL_URSPRUNGSLAND,Wamas.P_VLOGP,nvarchar,
VLOGP_ARTIKEL_VKMENGE,Wamas.P_VLOGP,float,
VLOGP_ARTIKEL_VKMENGENEINHEIT,Wamas.P_VLOGP,nvarchar,
VLOGP_ARTIKEL_VKPREIS_01,Wamas.P_VLOGP,float,
VLOGP_ARTIKEL_VKPREIS_02,Wamas.P_VLOGP,float,
VLOGP_ARTIKEL_VKPREIS_03,Wamas.P_VLOGP,float,
VLOGP_ARTIKEL_VKPREISEINHEIT,Wamas.P_VLOGP,nvarchar,
VLOGP_ARTIKEL_VKVPACKEINHEIT,Wamas.P_VLOGP,nvarchar,
VLOGP_ARTIKEL_WARENNR,Wamas.P_VLOGP,nvarchar,
VLOGP_ARTIKEL_WARENWERT,Wamas.P_VLOGP,float,
VLOGP_ARTIKEL_WIEDERBSCHAFZEIT,Wamas.P_VLOGP,nvarchar,
VLOGP_GG_DET_ANZAHL,Wamas.P_VLOGP,float,
VLOGP_GG_DET_BEFOERDERUNGSKAT,Wamas.P_VLOGP,nvarchar,
VLOGP_GG_DET_BEGRMENGE,Wamas.P_VLOGP,nvarchar,
VLOGP_GG_DET_BEZEICHNUNG,Wamas.P_VLOGP,nvarchar,
VLOGP_GG_DET_EIGENSCHAFTEN,Wamas.P_VLOGP,nvarchar,
VLOGP_GG_DET_EINHEIT,Wamas.P_VLOGP,nvarchar,
VLOGP_GG_DET_FAKTOR,Wamas.P_VLOGP,nvarchar,
VLOGP_GG_DET_GEWICHT,Wamas.P_VLOGP,float,
VLOGP_GG_DET_KCODE,Wamas.P_VLOGP,nvarchar,
VLOGP_GG_DET_KLASSE,Wamas.P_VLOGP,nvarchar,
VLOGP_GG_DET_LQ,Wamas.P_VLOGP,nvarchar,
VLOGP_GG_DET_MENGE,Wamas.P_VLOGP,float,
VLOGP_GG_DET_MERKBLATT,Wamas.P_VLOGP,nvarchar,
VLOGP_GG_DET_NAG,Wamas.P_VLOGP,nvarchar,
VLOGP_GG_DET_NEBENGEFAHR,Wamas.P_VLOGP,nvarchar,
VLOGP_GG_DET_NEBENGEFAHR_2,Wamas.P_VLOGP,nvarchar,
VLOGP_GG_DET_NEBENGEFAHR_3,Wamas.P_VLOGP,nvarchar,
VLOGP_GG_DET_NEMGEWICHT,Wamas.P_VLOGP,float,
VLOGP_GG_DET_POS,Wamas.P_VLOGP,float,
VLOGP_GG_DET_PUNKTE,Wamas.P_VLOGP,float,
VLOGP_GG_DET_RADIOAKTIV,Wamas.P_VLOGP,float,
VLOGP_GG_DET_RISIKOGRUPPE,Wamas.P_VLOGP,nvarchar,
VLOGP_GG_DET_SONDERVORSCHR,Wamas.P_VLOGP,nvarchar,
VLOGP_GG_DET_UNNR,Wamas.P_VLOGP,nvarchar,
VLOGP_GG_DET_VERPACKUNG,Wamas.P_VLOGP,nvarchar,
VLOGP_GG_DET_VERPACKUNG_TEXT,Wamas.P_VLOGP,nvarchar,
VLOGP_GG_DET_VERTRAEGLICHKEIT,Wamas.P_VLOGP,nvarchar,
VLOGP_GG_DET_VGRUPPE,Wamas.P_VLOGP,nvarchar,
VLOGP_GG_DET_VRPANW,Wamas.P_VLOGP,nvarchar,
VLOGP_GG_DET_VRPSCHLCODE,Wamas.P_VLOGP,nvarchar,
VLOGP_GG_DET_ZIFFER,Wamas.P_VLOGP,nvarchar,
VLOGP_GG_DET_ZUSATZKENNUNG,Wamas.P_VLOGP,nvarchar,
VLOGP_HIST_AEUSER,Wamas.P_VLOGP,nvarchar,
VLOGP_HIST_AEZEIT,Wamas.P_VLOGP,datetime,
VLOGP_HIST_ANUSER,Wamas.P_VLOGP,nvarchar,
VLOGP_HIST_ANZEIT,Wamas.P_VLOGP,datetime,
VLOGP_POSNR,Wamas.P_VLOGP,float,
VLOGP_REFERENZNR,Wamas.P_VLOGP,nvarchar,
VLOGP_REFERENZNR_05,Wamas.P_VLOGP,nvarchar,
VLOGP_ZOLL_ART_AA_F31_A,Wamas.P_VLOGP,nvarchar,
VLOGP_ZOLL_ART_AA_F31_B,Wamas.P_VLOGP,nvarchar,
VLOGP_ZOLL_ART_AA_F32,Wamas.P_VLOGP,nvarchar,
VLOGP_ZOLL_ART_AA_F33,Wamas.P_VLOGP,nvarchar,
VLOGP_ZOLL_ART_AA_F34_A,Wamas.P_VLOGP,nvarchar,
VLOGP_ZOLL_ART_AA_F34_B,Wamas.P_VLOGP,nvarchar,
VLOGP_ZOLL_ART_AA_F35,Wamas.P_VLOGP,nvarchar,
VLOGP_ZOLL_ART_AA_F37_A,Wamas.P_VLOGP,nvarchar,
VLOGP_ZOLL_ART_AA_F37_B,Wamas.P_VLOGP,nvarchar,
VLOGP_ZOLL_ART_AA_F38,Wamas.P_VLOGP,nvarchar,
VLOGP_ZOLL_ART_AA_F40,Wamas.P_VLOGP,nvarchar,
VLOGP_ZOLL_ART_AA_F41,Wamas.P_VLOGP,nvarchar,
VLOGP_ZOLL_ART_AA_F44_BIS,Wamas.P_VLOGP,nvarchar,
VLOGP_ZOLL_ART_AA_F44_NR1,Wamas.P_VLOGP,nvarchar,
VLOGP_ZOLL_ART_AA_F44_NR2,Wamas.P_VLOGP,nvarchar,
VLOGP_ZOLL_ART_AA_F44_VOM1,Wamas.P_VLOGP,nvarchar,
VLOGP_ZOLL_ART_AA_F44_VOM2,Wamas.P_VLOGP,nvarchar,
VLOGP_ZOLL_ART_AA_F44_X,Wamas.P_VLOGP,nvarchar,
VLOGP_ZOLL_ART_AA_F46,Wamas.P_VLOGP,nvarchar,
VLOGP_ZOLL_ART_ANZ,Wamas.P_VLOGP,float,
VLOGP_ZOLL_ART_EINHEIT,Wamas.P_VLOGP,nvarchar,
VLOGP_ZOLL_ART_INHALT,Wamas.P_VLOGP,nvarchar,
VLOGP_ZOLL_ART_INHALT_02,Wamas.P_VLOGP,nvarchar,
VLOGP_ZOLL_ART_NETTOGEWICHT,Wamas.P_VLOGP,float,
VLOGP_ZOLL_ART_TARIFNO,Wamas.P_VLOGP,nvarchar,
VLOGP_ZOLL_ART_URSPLAND,Wamas.P_VLOGP,nvarchar,
VLOGP_ZOLL_ART_WARENART,Wamas.P_VLOGP,nvarchar,
VLOGP_ZOLL_ART_WARENCODE,Wamas.P_VLOGP,nvarchar,
VLOGP_ZOLL_ART_WERT,Wamas.P_VLOGP,float,
VLOGP_ZOLL_POS,Wamas.P_VLOGP,float,
VPLP_AAK_AAID_AANR,Wamas.P_VPLP,nvarchar,Arbeitsauftragsnummer
VPLP_AAK_AAID_MAND,Wamas.P_VPLP,nvarchar,Mandant
VPLP_AKTUSER,Wamas.P_VPLP,nvarchar,Aktueller Benutzer
VPLP_ASCODE_ACODE,Wamas.P_VPLP,nvarchar,Abschlusscode
VPLP_AUSP_AUSID_AUSNR,Wamas.P_VPLP,nvarchar,Auftragsnummer
VPLP_AUSP_AUSID_HOSTAUSKZ,Wamas.P_VPLP,nvarchar,Host Ausgangskennzeichen
VPLP_AUSP_AUSID_MAND,Wamas.P_VPLP,nvarchar,Mandant
VPLP_AUSP_POSNR,Wamas.P_VPLP,float,Positionsnummer
VPLP_FACHK,Wamas.P_VPLP,nvarchar,Fachkennung
VPLP_FAUSP_FAUSID_FAUSNR,Wamas.P_VPLP,nvarchar,Fertigungsauftragsnummer
VPLP_FAUSP_FAUSID_HOSTFAUSKZ,Wamas.P_VPLP,nvarchar,Host Fertigungsauftragskennzeichen
VPLP_FAUSP_FAUSID_MAND,Wamas.P_VPLP,nvarchar,Mandant
VPLP_FAUSP_POSNR,Wamas.P_VPLP,float,PosNr
VPLP_FLAG_LEISTSTAT,Wamas.P_VPLP,nvarchar,Leistungsdaten-Statistik
VPLP_FLAG_MITNAHMEKZ,Wamas.P_VPLP,nvarchar,Mitnahmekennzeichen
VPLP_HIST_AEUSER,Wamas.P_VPLP,nvarchar,geändert von
VPLP_HIST_AEZEIT,Wamas.P_VPLP,datetime,Änderungszeit
VPLP_HIST_ANUSER,Wamas.P_VPLP,nvarchar,angelegt von
VPLP_HIST_ANZEIT,Wamas.P_VPLP,datetime,Anlegezeit
VPLP_IST_TOURPNR,Wamas.P_VPLP,float,Ist Tourpositionsnummer
VPLP_ISTMNGS_GEW,Wamas.P_VPLP,float,Gewicht [kg]
VPLP_ISTMNGS_GEWBASIS,Wamas.P_VPLP,float,Gewicht Basis [kg]
VPLP_ISTMNGS_MNG,Wamas.P_VPLP,float,Menge
VPLP_KOMPOS_FELDID,Wamas.P_VPLP,nvarchar,Lagerplatz
VPLP_KOMPOS_OFFS_L_X,Wamas.P_VPLP,float,X-Koordinate
VPLP_KOMPOS_OFFS_L_Y,Wamas.P_VPLP,float,Y-Koordinate
VPLP_KOMPOS_OFFS_L_Z,Wamas.P_VPLP,float,Z-Koordinate
VPLP_KOMPOS_RAS_R_X,Wamas.P_VPLP,float,X-Koordinate
VPLP_KOMPOS_RAS_R_Y,Wamas.P_VPLP,float,Y-Koordinate
VPLP_KOMPOS_RAS_R_Z,Wamas.P_VPLP,float,Z-Koordinate
VPLP_KOMRFNR,Wamas.P_VPLP,float,Reihenfolgenummer
VPLP_KOMZ_ARTKOMGRPID,Wamas.P_VPLP,nvarchar,Artikelkommissionierstrategie
VPLP_KOMZ_FELDKOMGRPID,Wamas.P_VPLP,nvarchar,Feldgruppe
VPLP_KOMZ_LVSMATQID,Wamas.P_VPLP,nvarchar,LVS Materialqualifikation-Id
VPLP_LBKOM_LAGIDKOM,Wamas.P_VPLP,nvarchar,Lagerbereich Kommissionierung
VPLP_MID_AID_ARTNR,Wamas.P_VPLP,nvarchar,Artikelnummer
VPLP_MID_AID_AUSPR,Wamas.P_VPLP,float,Ausprägung
VPLP_MID_AID_MAND,Wamas.P_VPLP,nvarchar,Mandant
VPLP_MID_AID_VAR,Wamas.P_VPLP,nvarchar,Variante
VPLP_MID_CHARGE,Wamas.P_VPLP,nvarchar,Charge
VPLP_MID_MATQ,Wamas.P_VPLP,nvarchar,Materialqualifikations-Id
VPLP_MID_MATZID,Wamas.P_VPLP,nvarchar,Materialzustands-ID
VPLP_MID_MHD,Wamas.P_VPLP,datetime,MHD
VPLP_MID_RESNR,Wamas.P_VPLP,nvarchar,Reservierungsnummer
VPLP_MID_SERIENNRGRP,Wamas.P_VPLP,nvarchar,Seriennummer
VPLP_MID_THMKZ,Wamas.P_VPLP,nvarchar,Transporthilfsmittel Kz
VPLP_MID_WENR,Wamas.P_VPLP,nvarchar,Wareneingangsnummer
VPLP_NACHVERPL,Wamas.P_VPLP,nvarchar,Nachverplanen
VPLP_PICKFERTZEIT,Wamas.P_VPLP,datetime,Fertigzeit
VPLP_PICKMODE,Wamas.P_VPLP,nvarchar,Kommissionierart
VPLP_PICKNACHZEIT,Wamas.P_VPLP,float,Nachlaufzeit
VPLP_PICKSTARTZEIT,Wamas.P_VPLP,datetime,Startzeit
VPLP_PICKTEMPZEIT,Wamas.P_VPLP,datetime,Temporärer Zeitstempel
VPLP_PICKUSER,Wamas.P_VPLP,nvarchar,Kommissionierer
VPLP_PICKVORZEIT,Wamas.P_VPLP,float,Vorlaufzeit
VPLP_QCODE,Wamas.P_VPLP,nvarchar,Quittierungscode
VPLP_QCODETYP,Wamas.P_VPLP,nvarchar,Quittierungscodetyp
VPLP_QUELLTEP_POSNR,Wamas.P_VPLP,float,Quell TE-Id
VPLP_QUELLTEP_TEID,Wamas.P_VPLP,nvarchar,Quell TE-Id
VPLP_SOLL_TOURPNR,Wamas.P_VPLP,float,Soll Tourpositionsnummer
VPLP_SOLLMNGS_GEW,Wamas.P_VPLP,float,Gewicht [kg]
VPLP_SOLLMNGS_GEWBASIS,Wamas.P_VPLP,float,Gewicht Basis [kg]
VPLP_SOLLMNGS_MNG,Wamas.P_VPLP,float,Menge
VPLP_STATUS,Wamas.P_VPLP,nvarchar,Status
VPLP_TPMID,Wamas.P_VPLP,nvarchar,Ist-Transportmittel
VPLP_URSOLLMNGS_GEW,Wamas.P_VPLP,float,Gewicht [kg]
VPLP_URSOLLMNGS_GEWBASIS,Wamas.P_VPLP,float,Gewicht Basis [kg]
VPLP_URSOLLMNGS_MNG,Wamas.P_VPLP,float,Menge
VPLP_VPLK_KSNR,Wamas.P_VPLP,float,Kommissionierauftragsnummer
VPLP_VPLNR,Wamas.P_VPLP,float,Verplanungsnummer
VPLP_WEVP_POSNR,Wamas.P_VPLP,float,PosNr
VPLP_WEVP_WEVID_HOSTWEVKZ,Wamas.P_VPLP,nvarchar,Host WE-Vorgangskennzeichen
VPLP_WEVP_WEVID_MAND,Wamas.P_VPLP,nvarchar,Mandant
VPLP_WEVP_WEVID_WEVNR,Wamas.P_VPLP,nvarchar,WE-Vorgangsnummer
VPLP_ZIELTEK_TEID,Wamas.P_VPLP,nvarchar,Ziel TE-Id
VPLP_ZIELTEP_POSNR,Wamas.P_VPLP,float,Ziel TE-Id
VPLP_ZIELTEP_TEID,Wamas.P_VPLP,nvarchar,Ziel TE-Id
WA_MATZID,Wamas.ART,nvarchar,Materialzustands-ID WA
WAGRP_WAGRPID,Wamas.ART,nvarchar,WA-Gruppe
WALVSSORT_LVSSORTIMENT,Wamas.ART,nvarchar,LVS-Sortiment
WAMODINFO,Wamas.FES,nvarchar,Modellierungsinfo
WAMODINFO2,Wamas.FES,nvarchar,Modellierungsinfo 2
WARTINT,Wamas.ART,float,Wartungsintervall [Tage]
WASERIENNRKZ,Wamas.ART,nvarchar,Seriennummernpflicht Warenausgang
WDP_BEHAVIOR,Wamas.FES,nvarchar,Behavior
WDP_CP,Wamas.FES,float,Component
WDP_ELEMENT,Wamas.FES,float,Element
WDP_POSITION,Wamas.FES,float,Position
WDP_POSNR,Wamas.FES,float,ElePosNr
WDP_TPMID,Wamas.FES,nvarchar,TpmId
WE_MATZID,Wamas.ART,nvarchar,Materialzustands-ID WE
WEAUSPRKZ,Wamas.ART,nvarchar,Ausprägung WE
WEAUSPRZEIT,Wamas.ART,datetime,Ausprägung WE Zeit
WEDOCKPOS_FELDID,Wamas.FES,nvarchar,
WEDOCKPOS_OFFS_L_X,Wamas.FES,float,
WEDOCKPOS_OFFS_L_Y,Wamas.FES,float,
WEDOCKPOS_OFFS_L_Z,Wamas.FES,float,
WEDOCKPOS_RAS_R_X,Wamas.FES,float,
WEDOCKPOS_RAS_R_Y,Wamas.FES,float,
WEDOCKPOS_RAS_R_Z,Wamas.FES,float,
WESERIENNRKZ,Wamas.ART,nvarchar,Seriennummernpflicht Wareneingang
WEVK_ACTIVATIONTIME,Wamas.P_WEVK,datetime,Aktivierungszeit
WEVK_ACTIVATIONUSER,Wamas.P_WEVK,nvarchar,Aktiviert von
WEVK_ANFERTZEIT,Wamas.P_WEVK,datetime,Annahme Fertigzeit
WEVK_ANLEGKZ,Wamas.P_WEVK,nvarchar,Anlegen Kz
WEVK_ANMZEIT,Wamas.P_WEVK,datetime,Anmeldezeit
WEVK_ANZPOS,Wamas.P_WEVK,float,Anzahl Positionen
WEVK_ANZSTDLE,Wamas.P_WEVK,float,Anzahl Ladeeinheiten
WEVK_ANZTE,Wamas.P_WEVK,float,Anzahl TEs
WEVK_ANZTEPRINT,Wamas.P_WEVK,float,Anzahl SSCC gedruckt
WEVK_ARTKTO_ARTKTONR,Wamas.P_WEVK,float,Artikelkontonummer
WEVK_BEARBKZ,Wamas.P_WEVK,nvarchar,Bearbeiten Kz
WEVK_CADDYAKTIV,Wamas.P_WEVK,nvarchar,Caddy aktiv
WEVK_DISPBER,Wamas.P_WEVK,nvarchar,Dispatch-Bereich
WEVK_EINFAHRTZEIT,Wamas.P_WEVK,datetime,Einfahrtszeit LKW
WEVK_EXTREF,Wamas.P_WEVK,nvarchar,Externe Referenz
WEVK_FERTZEIT,Wamas.P_WEVK,datetime,Fertigzeit
WEVK_GEPLENTLBEGINN,Wamas.P_WEVK,datetime,Geplanter Entladetermin
WEVK_GEPLENTLENDE,Wamas.P_WEVK,datetime,Geplantes Entladeende
WEVK_HIST_AEUSER,Wamas.P_WEVK,nvarchar,geändert von
WEVK_HIST_AEZEIT,Wamas.P_WEVK,datetime,Änderungszeit
WEVK_HIST_ANUSER,Wamas.P_WEVK,nvarchar,angelegt von
WEVK_HIST_ANZEIT,Wamas.P_WEVK,datetime,Anlegezeit
WEVK_INFO2HOST,Wamas.P_WEVK,nvarchar,Information für Host
WEVK_INFO2WAMAS,Wamas.P_WEVK,nvarchar,Information für Wamas
WEVK_LG_TOR,Wamas.P_WEVK,nvarchar,Leergut-Tor
WEVK_LGFLAECHE_FELDID,Wamas.P_WEVK,nvarchar,Lagerplatz
WEVK_LGFLAECHE_OFFS_L_X,Wamas.P_WEVK,float,X-Koordinate
WEVK_LGFLAECHE_OFFS_L_Y,Wamas.P_WEVK,float,Y-Koordinate
WEVK_LGFLAECHE_OFFS_L_Z,Wamas.P_WEVK,float,Z-Koordinate
WEVK_LGFLAECHE_RAS_R_X,Wamas.P_WEVK,float,X-Koordinate
WEVK_LGFLAECHE_RAS_R_Y,Wamas.P_WEVK,float,Y-Koordinate
WEVK_LGFLAECHE_RAS_R_Z,Wamas.P_WEVK,float,Z-Koordinate
WEVK_LIEFTERM,Wamas.P_WEVK,datetime,Liefertermin
WEVK_LKWFAHRER,Wamas.P_WEVK,nvarchar,LKW-Fahrer
WEVK_LKWKZ,Wamas.P_WEVK,nvarchar,LKW-Kennzeichen
WEVK_LKWT_LKWTYP,Wamas.P_WEVK,nvarchar,LKW-Typ
WEVK_LOKWEVTYP_ANZWEBELEG,Wamas.P_WEVK,float,Anzahl WE-Belege
WEVK_LOKWEVTYP_AUTOENDKZ,Wamas.P_WEVK,nvarchar,Automatischer Abschluss erlaubt
WEVK_LOKWEVTYP_AUTOETIDRK,Wamas.P_WEVK,nvarchar,Artikel-Etiketten bei Anmeldung drucken
WEVK_LOKWEVTYP_AUTOTEBILDEN,Wamas.P_WEVK,nvarchar,Autom. TE-Bilden pro BE
WEVK_LOKWEVTYP_AVTEMODUS,Wamas.P_WEVK,nvarchar,Avisierte TE-Modus
WEVK_LOKWEVTYP_LIEFSDATUMPFL,Wamas.P_WEVK,nvarchar,Lieferscheindatumpflicht
WEVK_LOKWEVTYP_LIEFSNRPFL,Wamas.P_WEVK,nvarchar,Lieferscheinnummerpflicht
WEVK_LOKWEVTYP_THMERFFUNK,Wamas.P_WEVK,nvarchar,THM-Erfassung (Funk)
WEVK_LOKWEVTYP_THMGUTSCHEINLAY,Wamas.P_WEVK,nvarchar,Layout THM-Gutschein
WEVK_LOKWEVTYP_THMTAUSCHKZ,Wamas.P_WEVK,nvarchar,THM-Tausch
WEVK_LOKWEVTYP_WEBELEGDRUCKKZ,Wamas.P_WEVK,nvarchar,WE-Beleg drucken
WEVK_LOKWEVTYP_WEBELEGLAY,Wamas.P_WEVK,nvarchar,Layout WE-Beleg
WEVK_LOKWEVTYP_WEVSLAY,Wamas.P_WEVK,nvarchar,Layout WE-Vorgangsschein
WEVK_PIEPERNR,Wamas.P_WEVK,nvarchar,Piepernummer
WEVK_PRST_PRFREGID,Wamas.P_WEVK,nvarchar,Prüfregel-Id
WEVK_RET_TOR,Wamas.P_WEVK,nvarchar,Retoure-Tor
WEVK_RETFLAECHE_FELDID,Wamas.P_WEVK,nvarchar,Lagerplatz
WEVK_RETFLAECHE_OFFS_L_X,Wamas.P_WEVK,float,X-Koordinate
WEVK_RETFLAECHE_OFFS_L_Y,Wamas.P_WEVK,float,Y-Koordinate
WEVK_RETFLAECHE_OFFS_L_Z,Wamas.P_WEVK,float,Z-Koordinate
WEVK_RETFLAECHE_RAS_R_X,Wamas.P_WEVK,float,X-Koordinate
WEVK_RETFLAECHE_RAS_R_Y,Wamas.P_WEVK,float,Y-Koordinate
WEVK_RETFLAECHE_RAS_R_Z,Wamas.P_WEVK,float,Z-Koordinate
WEVK_SPEDADRS_ADR,Wamas.P_WEVK,nvarchar,Adresse
WEVK_SPEDADRS_ADR2,Wamas.P_WEVK,nvarchar,Adresse 2
WEVK_SPEDADRS_ANREDE,Wamas.P_WEVK,nvarchar,Anrede
WEVK_SPEDADRS_EMAIL,Wamas.P_WEVK,nvarchar,e-mail
WEVK_SPEDADRS_FAX,Wamas.P_WEVK,nvarchar,Faxnummer
WEVK_SPEDADRS_ILN,Wamas.P_WEVK,nvarchar,ILN/GLN
WEVK_SPEDADRS_LAND,Wamas.P_WEVK,nvarchar,Land
WEVK_SPEDADRS_NAME,Wamas.P_WEVK,nvarchar,Name
WEVK_SPEDADRS_NAME2,Wamas.P_WEVK,nvarchar,Name 2
WEVK_SPEDADRS_NAME3,Wamas.P_WEVK,nvarchar,Name 3
WEVK_SPEDADRS_NAME4,Wamas.P_WEVK,nvarchar,Name 4
WEVK_SPEDADRS_ORT,Wamas.P_WEVK,nvarchar,Ort
WEVK_SPEDADRS_ORTTEIL,Wamas.P_WEVK,nvarchar,Ortsteil
WEVK_SPEDADRS_PLZ,Wamas.P_WEVK,nvarchar,Postleitzahl
WEVK_SPEDADRS_TEL,Wamas.P_WEVK,nvarchar,Telefon
WEVK_SPEDADRS_WWW,Wamas.P_WEVK,nvarchar,Homepage
WEVK_SPEDMAND,Wamas.P_WEVK,nvarchar,Spediteurmandant
WEVK_SPEDNR,Wamas.P_WEVK,nvarchar,Spediteurnummer
WEVK_STAMM_WEVID_HOSTWEVKZ,Wamas.P_WEVK,nvarchar,Host WE-Vorgangskennzeichen
WEVK_STAMM_WEVID_MAND,Wamas.P_WEVK,nvarchar,Mandant
WEVK_STAMM_WEVID_WEVNR,Wamas.P_WEVK,nvarchar,WE-Vorgangsnummer
WEVK_STARTZEIT,Wamas.P_WEVK,datetime,Startzeit
WEVK_STATUS,Wamas.P_WEVK,nvarchar,Status
WEVK_THMFLAECHE_FELDID,Wamas.P_WEVK,nvarchar,Lagerplatz
WEVK_THMFLAECHE_OFFS_L_X,Wamas.P_WEVK,float,X-Koordinate
WEVK_THMFLAECHE_OFFS_L_Y,Wamas.P_WEVK,float,Y-Koordinate
WEVK_THMFLAECHE_OFFS_L_Z,Wamas.P_WEVK,float,Z-Koordinate
WEVK_THMFLAECHE_RAS_R_X,Wamas.P_WEVK,float,X-Koordinate
WEVK_THMFLAECHE_RAS_R_Y,Wamas.P_WEVK,float,Y-Koordinate
WEVK_THMFLAECHE_RAS_R_Z,Wamas.P_WEVK,float,Z-Koordinate
WEVK_THMGETAUSCHT,Wamas.P_WEVK,nvarchar,THM getauscht
WEVK_THMGUTSCHEINNR,Wamas.P_WEVK,nvarchar,THM-Gutscheinnr.
WEVK_TORFREIKZ,Wamas.P_WEVK,nvarchar,Tor freigegeben
WEVK_TORZUORDZEIT,Wamas.P_WEVK,datetime,Torzuordnungszeit
WEVK_WE_TOR,Wamas.P_WEVK,nvarchar,WE-Tor
WEVK_WEBELEGPRINTKZ,Wamas.P_WEVK,nvarchar,WE-Beleg gedruckt
WEVK_WEFLAECHE_FELDID,Wamas.P_WEVK,nvarchar,Lagerplatz
WEVK_WEFLAECHE_OFFS_L_X,Wamas.P_WEVK,float,X-Koordinate
WEVK_WEFLAECHE_OFFS_L_Y,Wamas.P_WEVK,float,Y-Koordinate
WEVK_WEFLAECHE_OFFS_L_Z,Wamas.P_WEVK,float,Z-Koordinate
WEVK_WEFLAECHE_RAS_R_X,Wamas.P_WEVK,float,X-Koordinate
WEVK_WEFLAECHE_RAS_R_Y,Wamas.P_WEVK,float,Y-Koordinate
WEVK_WEFLAECHE_RAS_R_Z,Wamas.P_WEVK,float,Z-Koordinate
WEVK_WEVID_HOSTWEVKZ,Wamas.P_WEVK,nvarchar,Host WE-Vorgangskennzeichen
WEVK_WEVID_MAND,Wamas.P_WEVK,nvarchar,Mandant
WEVK_WEVID_WEVNR,Wamas.P_WEVK,nvarchar,WE-Vorgangsnummer
WEVK_WEVSPRINTKZ,Wamas.P_WEVK,nvarchar,Vorgangsschein gedruckt
WEVK_WEVTYP_TYP,Wamas.P_WEVK,nvarchar,WE-Vorgangstyp
WHRCODE,Wamas.ART,nvarchar,Währungscode
WHSERIENNRKZ,Wamas.ART,nvarchar,Seriennummernpflicht Lager
ZEIT,Wamas.P_VLOGK,datetime,Zeit
ZZSUCHEERLAUBTKZ,Wamas.FES,nvarchar,Zwischen-Ziel Suche erlaubt
